ID,TIMESTAMP,CO2,TEMPERATURE,HUMIDITY,PIR_TRIGGER
1,2023/3/12 0:02,1860.07,25.176,57.828,0
2,2023/3/12 0:07,1869.772,25.163,57.968,0
3,2023/3/12 0:12,1867.764,25.163,58.061,0
4,2023/3/12 0:16,1877.735,25.192,58.217,0
5,2023/3/12 0:21,1875.671,25.192,58.194,0
6,2023/3/12 0:26,1875.614,25.176,58.298,0
7,2023/3/12 0:31,1880.109,25.192,58.38,0
8,2023/3/12 0:36,1869.792,25.206,58.418,0
9,2023/3/12 0:41,1874.456,25.206,58.395,0
10,2023/3/12 0:46,1862.442,25.235,58.551,0
11,2023/3/12 0:51,1866.302,25.192,58.687,0
12,2023/3/12 0:56,1866.474,25.192,58.72,0
13,2023/3/12 1:02,1856.384,25.176,58.742,0
14,2023/3/12 1:07,1867.12,25.163,58.879,0
15,2023/3/12 1:12,1874.974,25.163,58.975,0
16,2023/3/12 1:17,1880.667,25.176,59.058,0
17,2023/3/12 1:22,1874.775,25.176,59.058,0
18,2023/3/12 1:27,1863.698,25.163,59.081,0
19,2023/3/12 1:32,1843.411,25.176,59.023,2
20,2023/3/12 1:37,1829.734,25.176,59.105,0
21,2023/3/12 1:42,1838.552,25.163,59.149,0
22,2023/3/12 1:47,1850.778,25.163,59.209,0
23,2023/3/12 1:52,1857.991,25.176,59.187,0
24,2023/3/12 1:57,1906.046,25.176,59.352,0
25,2023/3/12 2:02,1937.718,25.206,59.227,0
26,2023/3/12 2:07,1942.987,25.219,59.206,0
27,2023/3/12 2:12,1954.924,25.206,59.227,0
28,2023/3/12 2:17,1997.272,25.163,59.291,0
29,2023/3/12 2:22,2004.128,25.176,59.256,0
30,2023/3/12 2:27,2015.233,25.136,59.451,0
31,2023/3/12 2:32,2036.429,25.12,59.645,0
32,2023/3/12 2:37,2067.227,25.15,59.872,0
33,2023/3/12 2:42,2088.708,25.176,59.984,0
34,2023/3/12 2:47,2093.749,25.176,59.984,0
35,2023/3/12 2:52,2126.602,25.192,60.149,8
36,2023/3/12 2:57,2193.834,25.192,60.01,2
37,2023/3/12 3:02,2188.372,25.219,59.851,0
38,2023/3/12 3:07,2168.433,25.219,59.639,1
39,2023/3/12 3:12,2163.645,25.206,59.602,1
40,2023/3/12 3:17,2161.894,25.176,59.47,1
41,2023/3/12 3:23,2162.73,25.192,59.355,0
42,2023/3/12 3:28,2154.521,25.163,59.302,0
43,2023/3/12 3:33,2142.545,25.176,59.21,0
44,2023/3/12 3:38,2136.952,25.15,59.123,0
45,2023/3/12 3:43,2132.778,25.163,59.081,0
46,2023/3/12 3:48,2093.093,25.12,59.085,2
47,2023/3/12 3:53,2026.003,25.15,59.03,0
48,2023/3/12 3:58,2004.069,25.163,59.009,1
49,2023/3/12 4:03,1995.27,25.192,59.048,1
50,2023/3/12 4:08,1987.939,25.219,58.961,2
51,2023/3/12 4:13,1987.45,25.192,58.897,0
52,2023/3/12 4:18,1985.072,25.176,58.87,1
53,2023/3/12 4:23,1969.176,25.206,58.817,2
54,2023/3/12 4:28,1959.878,25.219,58.867,1
55,2023/3/12 4:33,1955.733,25.192,58.734,0
56,2023/3/12 4:38,1951.153,25.192,58.734,0
57,2023/3/12 4:43,1954.429,25.192,58.698,0
58,2023/3/12 4:48,1929.436,25.176,58.659,1
59,2023/3/12 4:53,1823.533,25.219,58.714,2
60,2023/3/12 4:59,1784.119,25.219,58.537,0
61,2023/3/12 5:04,1747.893,25.206,58.583,0
62,2023/3/12 5:09,1742.59,25.235,58.449,0
63,2023/3/12 5:14,1712.397,25.206,58.234,0
64,2023/3/12 5:19,1628.354,25.192,58.078,2
65,2023/3/12 5:24,1556.33,25.192,58.018,0
66,2023/3/12 5:29,1532.186,25.206,57.938,0
67,2023/3/12 5:34,1466.166,25.206,57.858,3
68,2023/3/12 5:39,1424.347,25.219,57.695,1
69,2023/3/12 5:44,1339.483,25.176,57.419,1
70,2023/3/12 5:49,1306.341,25.176,57.35,0
71,2023/3/12 5:54,1279.044,25.206,57.364,3
72,2023/3/12 5:59,1274.035,25.176,57.265,0
73,2023/3/12 6:04,1276.964,25.176,57.37,1
74,2023/3/12 6:09,1293.777,25.15,57.355,0
75,2023/3/12 6:14,1293.685,25.15,57.286,0
76,2023/3/12 6:19,1291.546,25.15,57.286,0
77,2023/3/12 6:24,1303.453,25.15,57.274,0
78,2023/3/12 6:29,1310.913,25.136,57.318,1
79,2023/3/12 6:34,1316.303,25.12,57.327,0
80,2023/3/12 6:39,1304.068,25.08,57.297,0
81,2023/3/12 6:44,1289.573,25.064,57.13,0
82,2023/3/12 6:49,1254.043,25.064,57.002,0
83,2023/3/12 6:54,1160.565,25.064,56.874,0
84,2023/3/12 6:59,1165.111,25.064,56.897,0
85,2023/3/12 7:04,1150.776,25.064,56.897,0
86,2023/3/12 7:09,1139.522,25.024,56.856,0
87,2023/3/12 7:14,1126.45,25.008,56.793,0
88,2023/3/12 7:19,1125.085,24.995,56.934,0
89,2023/3/12 7:24,1088.154,24.939,56.842,0
90,2023/3/12 7:29,1087.575,24.952,57.077,0
91,2023/3/12 7:34,1125.057,24.939,57.098,0
92,2023/3/12 7:39,1148.434,24.952,57.182,0
93,2023/3/12 7:44,1137.699,24.923,57.121,0
94,2023/3/12 7:49,1127.136,24.923,57.155,0
95,2023/3/12 7:54,1122.65,24.923,57.201,0
96,2023/3/12 8:00,1111.852,24.939,57.098,0
97,2023/3/12 8:05,1096.943,24.923,57.05,0
98,2023/3/12 8:10,1088.258,24.893,57.114,1
99,2023/3/12 8:15,1070.892,24.907,57.025,0
100,2023/3/12 8:20,1028.357,24.923,56.815,0
101,2023/3/12 8:25,935.517,24.923,56.628,1
102,2023/3/12 8:30,916.081,24.907,56.416,0
103,2023/3/12 8:35,907.776,24.893,56.274,0
104,2023/3/12 8:40,838.711,24.837,56.075,1
105,2023/3/12 8:45,826.714,24.85,55.949,0
106,2023/3/12 8:50,817.716,24.837,55.782,1
107,2023/3/12 8:55,828.741,24.866,55.684,0
108,2023/3/12 9:00,822.007,24.824,55.617,1
109,2023/3/12 9:05,825.308,24.81,55.475,0
110,2023/3/12 9:10,827.372,24.81,55.383,0
111,2023/3/12 9:15,812.561,24.81,55.054,2
112,2023/3/12 9:20,797.1,24.794,54.984,1
113,2023/3/12 9:25,799.281,24.81,54.948,0
114,2023/3/12 9:30,789.935,24.794,54.829,1
115,2023/3/12 9:35,797.487,24.781,54.651,1
116,2023/3/12 9:40,795.773,24.794,54.315,0
117,2023/3/12 9:45,788.867,24.768,54.219,1
118,2023/3/12 9:50,789.693,24.781,54.207,1
119,2023/3/12 9:55,783.586,24.768,54.114,0
120,2023/3/12 10:00,772.509,24.752,53.629,0
121,2023/3/12 10:05,757.072,24.752,53.442,0
122,2023/3/12 10:10,746.124,24.682,53.268,0
123,2023/3/12 10:15,740.734,24.682,53.244,0
124,2023/3/12 10:20,746.247,24.682,53.163,1
125,2023/3/12 10:25,767.055,24.696,53.024,0
126,2023/3/12 10:30,757.46,24.682,52.965,0
127,2023/3/12 10:35,752.601,24.64,52.843,0
128,2023/3/12 10:40,743.07,24.64,52.667,2
129,2023/3/12 10:46,744.711,24.613,52.815,1
130,2023/3/12 10:51,741.748,24.613,52.699,0
131,2023/3/12 10:56,731.29,24.583,52.621,1
132,2023/3/12 11:01,722.037,24.583,52.553,0
133,2023/3/12 11:06,740.67,24.57,52.655,0
134,2023/3/12 11:11,760.974,24.557,52.608,3
135,2023/3/12 11:16,757.54,24.543,52.417,1
136,2023/3/12 11:21,746.61,24.527,52.141,3
137,2023/3/12 11:26,746.41,24.501,52.072,1
138,2023/3/12 11:31,735.811,24.527,51.749,1
139,2023/3/12 11:36,734.437,24.514,51.52,1
140,2023/3/12 11:41,708.984,24.501,51.216,12
141,2023/3/12 11:46,616.584,24.514,50.284,18
142,2023/3/12 11:51,619.742,24.471,50.591,1
143,2023/3/12 11:56,646.271,24.471,50.616,0
144,2023/3/12 12:01,641.17,24.485,50.14,1
145,2023/3/12 12:06,635.405,24.445,49.767,3
146,2023/3/12 12:11,640.991,24.415,49.524,1
147,2023/3/12 12:16,627.513,24.372,49.467,0
148,2023/3/12 12:21,626.803,24.346,49.023,1
149,2023/3/12 12:26,625.824,24.346,49.112,4
150,2023/3/12 12:31,621.873,24.3,48.804,2
151,2023/3/12 12:36,536.081,24.231,46.954,0
152,2023/3/12 12:42,491.054,24.132,47.496,1
153,2023/3/12 12:47,535.152,24.132,48.341,0
154,2023/3/12 12:52,599.741,24.116,48.891,0
155,2023/3/12 12:57,609.874,24.132,48.831,0
156,2023/3/12 13:02,639.978,24.103,49.052,0
157,2023/3/12 13:07,688.601,24.103,48.689,0
158,2023/3/12 13:12,709.05,24.103,48.714,0
159,2023/3/12 13:17,736.233,24.103,48.714,0
160,2023/3/12 13:22,779.246,24.103,48.412,0
161,2023/3/12 13:27,710.491,24.076,47.563,1
162,2023/3/12 13:32,734.542,24.06,47.27,0
163,2023/3/12 13:37,694.335,24.047,46.35,0
164,2023/3/12 13:42,716.976,23.991,46.684,0
165,2023/3/12 13:47,727.886,23.991,45.879,0
166,2023/3/12 13:52,681.74,24.004,44.658,0
167,2023/3/12 13:57,666.029,23.977,45.297,0
168,2023/3/12 14:02,676.706,23.948,45.317,2
169,2023/3/12 14:07,680.039,23.935,45.531,0
170,2023/3/12 14:12,699.048,23.935,45.581,0
171,2023/3/12 14:17,739.302,23.921,45.705,0
172,2023/3/12 14:22,752.033,23.905,46.132,1
173,2023/3/12 14:27,837.296,23.948,46.136,0
174,2023/3/12 14:32,874.526,23.948,46.173,0
175,2023/3/12 14:38,865.093,23.964,46.391,0
176,2023/3/12 14:43,875.533,23.964,46.391,1
177,2023/3/12 14:48,882.184,23.964,46.402,0
178,2023/3/12 14:53,909.392,23.948,46.35,0
179,2023/3/12 14:58,902.356,23.977,46.103,0
180,2023/3/12 15:03,900.695,23.964,45.935,1
181,2023/3/12 15:08,902.122,23.964,45.773,0
182,2023/3/12 15:13,898.264,23.964,45.647,0
183,2023/3/12 15:18,910.826,23.977,45.636,0
184,2023/3/12 15:23,912.504,23.948,45.558,2
185,2023/3/12 15:28,913.239,23.948,45.558,1
186,2023/3/12 15:33,896.299,23.948,45.468,4
187,2023/3/12 15:38,891.806,23.905,45.604,0
188,2023/3/12 15:43,903.814,23.878,45.952,0
189,2023/3/12 15:48,983.335,23.878,46.15,0
190,2023/3/12 15:53,1007.563,23.849,46.411,0
191,2023/3/12 15:58,1037.934,23.878,46.681,0
192,2023/3/12 16:03,1153.413,23.865,47.02,0
193,2023/3/12 16:08,1178.789,23.849,47.043,0
194,2023/3/12 16:13,1194.707,23.849,47.043,0
195,2023/3/12 16:18,1203.896,23.878,47.272,0
196,2023/3/12 16:23,1228.821,23.878,47.386,0
197,2023/3/12 16:28,1273.708,23.878,47.462,0
198,2023/3/12 16:33,1292.047,23.921,47.505,0
199,2023/3/12 16:38,1318.236,23.948,47.583,0
200,2023/3/12 16:43,1348.01,23.935,47.682,0
201,2023/3/12 16:48,1375.609,23.935,47.783,0
202,2023/3/12 16:53,1406.309,23.921,47.92,0
203,2023/3/12 16:58,1434.129,23.948,48.039,0
204,2023/3/12 17:03,1483.332,23.964,48.178,0
205,2023/3/12 17:08,1528.794,23.935,48.238,0
206,2023/3/12 17:13,1558.83,23.935,48.25,0
207,2023/3/12 17:18,1580.882,23.921,48.462,0
208,2023/3/12 17:23,1641.017,23.935,48.59,0
209,2023/3/12 17:28,1666.985,23.935,48.64,0
210,2023/3/12 17:33,1675.691,23.935,48.602,0
211,2023/3/12 17:38,1685.469,23.935,48.653,0
212,2023/3/12 17:43,1727.515,23.905,48.813,0
213,2023/3/12 17:48,1741.575,23.892,48.95,0
214,2023/3/12 17:53,1750.662,23.878,48.81,0
215,2023/3/12 17:58,1749.82,23.892,48.723,0
216,2023/3/12 18:03,1747.742,23.878,48.81,0
217,2023/3/12 18:08,1751.031,23.865,48.833,0
218,2023/3/12 18:13,1778.924,23.878,48.973,0
219,2023/3/12 18:18,1733.491,23.822,48.851,2
220,2023/3/12 18:23,1701.483,23.836,48.854,0
221,2023/3/12 18:29,1699.527,23.822,48.737,0
222,2023/3/12 18:34,1653.036,23.822,48.576,0
223,2023/3/12 18:39,1665.713,23.809,48.676,0
224,2023/3/12 18:44,1658.392,23.793,48.608,0
225,2023/3/12 18:49,1650.971,23.793,48.685,0
226,2023/3/12 18:54,1647.832,23.793,48.494,0
227,2023/3/12 18:59,1624.916,23.78,48.466,0
228,2023/3/12 19:04,1598.079,23.766,48.352,0
229,2023/3/12 19:09,1586.089,23.737,48.288,0
230,2023/3/12 19:14,1573.631,23.753,48.277,0
231,2023/3/12 19:19,1571.913,23.766,48.328,0
232,2023/3/12 19:24,1578.819,23.737,48.361,0
233,2023/3/12 19:29,1570.191,23.753,48.163,0
234,2023/3/12 19:34,1550.114,23.737,48.236,4
235,2023/3/12 19:39,1432.635,23.724,47.504,0
236,2023/3/12 19:44,1410.617,23.71,47.627,2
237,2023/3/12 19:49,1455.206,23.678,47.99,0
238,2023/3/12 19:54,1496.542,23.692,47.966,0
239,2023/3/12 19:59,1486.099,23.71,47.766,0
240,2023/3/12 20:04,1520.27,23.737,47.821,0
241,2023/3/12 20:09,1516.01,23.71,47.766,0
242,2023/3/12 20:14,1517.69,23.692,47.601,0
243,2023/3/12 20:19,1533.585,23.678,47.437,0
244,2023/3/12 20:24,1503.266,23.678,47.121,0
245,2023/3/12 20:29,1489.34,23.622,47.061,0
246,2023/3/12 20:35,1474.13,23.635,47.116,0
247,2023/3/12 20:39,1488.417,23.609,47.276,0
248,2023/3/12 20:45,1514.048,23.635,47.279,0
249,2023/3/12 20:50,1506.893,23.622,47.052,0
250,2023/3/12 20:55,1410.438,23.579,46.819,0
251,2023/3/12 21:00,1418.568,23.609,46.622,0
252,2023/3/12 21:05,1445.379,23.553,47.055,0
253,2023/3/12 21:10,1442.225,23.553,46.941,0
254,2023/3/12 21:15,1446.796,23.539,46.739,0
255,2023/3/12 21:20,1457.355,23.553,46.84,0
256,2023/3/12 21:25,1457.406,23.539,46.904,0
257,2023/3/12 21:30,1465.878,23.523,46.924,0
258,2023/3/12 21:35,1490.652,23.523,47.101,0
259,2023/3/12 21:40,1499.786,23.539,47.243,2
260,2023/3/12 21:45,1505.687,23.539,47.38,0
261,2023/3/12 21:50,1507.195,23.51,47.427,0
262,2023/3/12 21:55,1517.299,23.523,47.266,0
263,2023/3/12 22:00,1511.069,23.51,47.302,0
264,2023/3/12 22:05,1509.255,23.51,47.224,0
265,2023/3/12 22:10,1514.668,23.539,47.18,0
266,2023/3/12 22:15,1514.368,23.497,47.261,2
267,2023/3/12 22:20,1502.78,23.51,46.822,0
268,2023/3/12 22:25,1400.153,23.481,46.466,0
269,2023/3/12 22:30,1387.665,23.441,46.938,1
270,2023/3/12 22:35,1404.796,23.441,47.606,0
271,2023/3/12 22:40,1403.18,23.467,47.961,0
272,2023/3/12 22:45,1404.951,23.454,48.199,0
273,2023/3/12 22:51,1409.5,23.497,48.192,0
274,2023/3/12 22:56,1426.316,23.481,48.402,0
275,2023/3/12 23:01,1443.887,23.454,48.639,0
276,2023/3/12 23:06,1474.982,23.497,48.659,0
277,2023/3/12 23:11,1525.445,23.51,48.799,0
278,2023/3/12 23:16,1557.898,23.523,48.749,0
279,2023/3/12 23:21,1564.36,23.497,48.772,0
280,2023/3/12 23:26,1564.195,23.481,48.579,0
281,2023/3/12 23:31,1559.914,23.481,48.517,0
282,2023/3/12 23:36,1576.135,23.497,48.506,0
283,2023/3/12 23:41,1572.625,23.467,48.3,0
284,2023/3/12 23:46,1565.39,23.467,48.3,0
285,2023/3/12 23:51,1552.867,23.425,48.256,0
286,2023/3/12 23:56,1565.34,23.441,48.186,0
287,2023/3/13 0:01,1562.155,23.425,48.068,0
288,2023/3/13 0:06,1563.798,23.425,47.867,0
289,2023/3/13 0:11,1556.844,23.425,47.893,0
290,2023/3/13 0:16,1543.647,23.411,47.916,0
291,2023/3/13 0:22,1547.887,23.398,47.926,0
292,2023/3/13 0:27,1558.01,23.398,47.789,0
293,2023/3/13 0:32,1588.14,23.384,47.952,0
294,2023/3/13 0:37,1595.741,23.398,47.94,0
295,2023/3/13 0:42,1602.068,23.425,47.881,0
296,2023/3/13 0:47,1616.848,23.411,47.89,0
297,2023/3/13 0:52,1612.111,23.384,47.812,0
298,2023/3/13 0:57,1627.595,23.398,47.876,0
299,2023/3/13 1:02,1642.703,23.384,47.899,0
300,2023/3/13 1:07,1653.834,23.398,47.789,0
301,2023/3/13 1:12,1666.892,23.411,47.752,4
302,2023/3/13 1:17,1778.167,23.425,48.219,1
303,2023/3/13 1:22,1767.318,23.398,48.053,2
304,2023/3/13 1:27,1756.433,23.398,47.862,0
305,2023/3/13 1:32,1749.1,23.384,47.899,0
306,2023/3/13 1:37,1757.675,23.384,47.926,1
307,2023/3/13 1:42,1747.848,23.355,47.746,0
308,2023/3/13 1:47,1739.305,23.328,47.577,0
309,2023/3/13 1:52,1726.521,23.328,47.577,0
310,2023/3/13 1:57,1689.122,23.27,47.408,0
311,2023/3/13 2:02,1687.827,23.312,47.336,0
312,2023/3/13 2:07,1679.276,23.286,47.398,0
313,2023/3/13 2:12,1673.85,23.256,47.318,0
314,2023/3/13 2:17,1683.529,23.243,47.29,0
315,2023/3/13 2:22,1678.074,23.256,47.256,0
316,2023/3/13 2:28,1657.968,23.2,47.124,0
317,2023/3/13 2:33,1641.951,23.243,47.229,0
318,2023/3/13 2:38,1637.177,23.214,47.249,0
319,2023/3/13 2:43,1646.358,23.187,47.234,0
320,2023/3/13 2:48,1648.014,23.187,47.295,0
321,2023/3/13 2:53,1650.554,23.173,47.418,0
322,2023/3/13 2:58,1655.698,23.214,47.362,0
323,2023/3/13 3:03,1659.536,23.214,47.4,0
324,2023/3/13 3:08,1663.568,23.214,47.362,0
325,2023/3/13 3:13,1654.955,23.23,47.252,2
326,2023/3/13 3:18,1682.44,23.23,47.299,4
327,2023/3/13 3:23,1682.873,23.27,47.284,0
328,2023/3/13 3:28,1679.325,23.27,47.133,0
329,2023/3/13 3:33,1693.075,23.243,47.038,0
330,2023/3/13 3:38,1691.293,23.256,46.979,0
331,2023/3/13 3:43,1680.063,23.256,47.005,0
332,2023/3/13 3:48,1664.695,23.23,46.863,0
333,2023/3/13 3:53,1664.257,23.243,47.064,1
334,2023/3/13 3:58,1666.585,23.243,47.151,0
335,2023/3/13 4:03,1667.103,23.243,47.165,0
336,2023/3/13 4:08,1686.127,23.214,47.211,0
337,2023/3/13 4:13,1696.781,23.214,47.35,2
338,2023/3/13 4:18,1696.696,23.23,47.377,0
339,2023/3/13 4:23,1719.425,23.2,47.284,0
340,2023/3/13 4:28,1726.915,23.173,47.256,0
341,2023/3/13 4:33,1738.418,23.157,47.417,0
342,2023/3/13 4:38,1749.877,23.144,47.467,0
343,2023/3/13 4:43,1761.838,23.131,47.551,0
344,2023/3/13 4:48,1766.959,23.131,47.577,0
345,2023/3/13 4:53,1763.612,23.131,47.591,0
346,2023/3/13 4:58,1763.833,23.101,47.546,0
347,2023/3/13 5:03,1767.985,23.131,47.504,0
348,2023/3/13 5:08,1766.526,23.101,47.449,0
349,2023/3/13 5:13,1752.806,23.072,47.444,0
350,2023/3/13 5:18,1753.317,23.072,47.495,0
351,2023/3/13 5:23,1753.233,23.043,47.478,0
352,2023/3/13 5:28,1768.832,23.056,47.528,0
353,2023/3/13 5:33,1781.504,23.043,47.742,0
354,2023/3/13 5:38,1825.991,23.016,47.812,0
355,2023/3/13 5:43,1827.182,23,47.838,0
356,2023/3/13 5:48,1842.444,22.973,47.911,0
357,2023/3/13 5:53,1857.331,22.973,47.934,0
358,2023/3/13 5:58,1868.729,22.987,48.022,0
359,2023/3/13 6:03,1884.144,22.987,48.187,1
360,2023/3/13 6:08,1911.65,23,48.151,0
361,2023/3/13 6:13,1928.148,23.016,48.254,0
362,2023/3/13 6:18,1942.425,23.043,48.296,0
363,2023/3/13 6:23,1957.774,23.043,48.343,0
364,2023/3/13 6:28,1968.195,23.043,48.383,0
365,2023/3/13 6:33,2000.369,23.056,48.521,0
366,2023/3/13 6:38,2016.693,23.029,48.608,0
367,2023/3/13 6:43,2032.602,23.016,48.618,0
368,2023/3/13 6:48,2049.496,23.016,48.68,0
369,2023/3/13 6:53,2062.843,23,48.677,0
370,2023/3/13 6:59,2087.474,22.96,48.773,1
371,2023/3/13 7:04,2105.597,22.973,48.914,0
372,2023/3/13 7:09,2115.761,22.973,49.002,0
373,2023/3/13 7:14,2122.088,22.96,48.961,0
374,2023/3/13 7:19,2157.35,23,49.016,0
375,2023/3/13 7:24,2224.494,23,49.007,1
376,2023/3/13 7:29,2214.913,23,49.181,0
377,2023/3/13 7:34,2228.055,23,49.207,1
378,2023/3/13 7:39,2238.392,23.043,49.326,0
379,2023/3/13 7:44,2249.456,23.043,49.423,0
380,2023/3/13 7:49,2249.492,23.016,49.51,0
381,2023/3/13 7:54,2258.724,23.056,49.577,0
382,2023/3/13 7:59,2267.495,23.088,49.559,0
383,2023/3/13 8:04,2278.009,23.072,49.643,0
384,2023/3/13 8:09,2293.823,23.117,49.661,0
385,2023/3/13 8:14,2287.332,23.131,49.675,1
386,2023/3/13 8:19,2320.74,23.131,49.712,2
387,2023/3/13 8:24,2324.852,23.144,49.728,1
388,2023/3/13 8:29,2330.833,23.173,49.657,0
389,2023/3/13 8:34,2325.256,23.157,49.693,1
390,2023/3/13 8:39,2301.06,23.187,49.559,1
391,2023/3/13 8:44,2242.417,23.214,49.399,0
392,2023/3/13 8:49,2215.038,23.2,49.358,0
393,2023/3/13 8:55,2191.693,23.23,49.35,2
394,2023/3/13 9:00,2209.059,23.214,49.399,1
395,2023/3/13 9:05,2239.919,23.243,49.501,0
396,2023/3/13 9:10,2249.869,23.243,49.628,2
397,2023/3/13 9:15,2224.792,23.256,49.68,0
398,2023/3/13 9:20,2230.19,23.256,49.693,0
399,2023/3/13 9:25,2228.789,23.27,49.733,12
400,2023/3/13 9:30,2192.979,23.312,50.832,8
401,2023/3/13 9:35,2195.585,23.454,50.539,11
402,2023/3/13 9:40,2134.191,23.497,49.524,2
403,2023/3/13 9:45,1940.853,23.454,48.827,0
404,2023/3/13 9:50,1778.571,23.355,48.224,0
405,2023/3/13 9:55,1743.446,23.342,47.82,0
406,2023/3/13 10:00,1697.351,23.243,47.578,0
407,2023/3/13 10:05,1629.773,23.173,47.029,0
408,2023/3/13 10:10,1550.826,23.131,46.938,0
409,2023/3/13 10:15,1494.429,23.088,46.718,0
410,2023/3/13 10:20,1469.184,23.072,46.616,0
411,2023/3/13 10:25,1413.045,23.016,46.594,0
412,2023/3/13 10:31,1360.767,23,46.066,0
413,2023/3/13 10:36,1266.187,23,45.49,0
414,2023/3/13 10:41,1248.599,22.93,45.732,0
415,2023/3/13 10:46,1252.008,22.944,46.159,0
416,2023/3/13 10:51,1178.611,22.904,45.665,0
417,2023/3/13 10:56,1181.772,22.917,45.729,0
418,2023/3/13 11:01,1132.76,22.861,45.357,0
419,2023/3/13 11:06,1109.92,22.861,45.183,0
420,2023/3/13 11:11,1099.702,22.861,45.659,0
421,2023/3/13 11:16,1082.43,22.861,45.445,0
422,2023/3/13 11:21,1070.619,22.818,45.514,0
423,2023/3/13 11:26,1053.094,22.832,45.555,0
424,2023/3/13 11:31,1022.019,22.818,45.316,0
425,2023/3/13 11:36,1001.777,22.832,44.977,0
426,2023/3/13 11:41,992.039,22.776,45.096,0
427,2023/3/13 11:46,973.965,22.749,44.942,0
428,2023/3/13 11:51,947.101,22.733,44.991,0
429,2023/3/13 11:56,923.575,22.706,44.823,0
430,2023/3/13 12:01,899.109,22.706,44.711,0
431,2023/3/13 12:06,908.292,22.693,45.274,2
432,2023/3/13 12:11,916.75,22.733,45.128,1
433,2023/3/13 12:16,1022.134,22.733,46.748,2
434,2023/3/13 12:21,830.165,22.706,43.921,2
435,2023/3/13 12:26,779.577,22.693,42.415,0
436,2023/3/13 12:31,740.008,22.663,42.108,0
437,2023/3/13 12:36,641.403,22.65,40.559,0
438,2023/3/13 12:41,604.474,22.594,40.115,0
439,2023/3/13 12:46,582.99,22.551,39.96,0
440,2023/3/13 12:51,564.513,22.522,39.641,0
441,2023/3/13 12:56,555.417,22.522,39.655,0
442,2023/3/13 13:01,536.241,22.509,39.05,0
443,2023/3/13 13:06,508.199,22.463,38.867,0
444,2023/3/13 13:11,492.635,22.45,38.62,0
445,2023/3/13 13:16,474.071,22.407,37.874,0
446,2023/3/13 13:21,466.399,22.38,37.543,0
447,2023/3/13 13:26,450.626,22.351,37.488,0
448,2023/3/13 13:31,444.671,22.324,37.25,0
449,2023/3/13 13:36,436.29,22.308,37.234,0
450,2023/3/13 13:41,431.617,22.282,36.902,0
451,2023/3/13 13:46,429.379,22.239,36.845,0
452,2023/3/13 13:51,426.132,22.226,37.038,0
453,2023/3/13 13:56,419.641,22.196,36.676,0
454,2023/3/13 14:01,422.559,22.169,36.714,0
455,2023/3/13 14:06,419.435,22.153,36.685,0
456,2023/3/13 14:11,409.344,22.14,36.356,0
457,2023/3/13 14:16,400.55,22.127,36.053,0
458,2023/3/13 14:21,398.195,22.097,36.05,0
459,2023/3/13 14:26,400.291,22.084,36.214,0
460,2023/3/13 14:31,393.253,22.084,36.076,0
461,2023/3/13 14:36,393.658,22.057,36.046,0
462,2023/3/13 14:41,389.936,22.041,36.305,0
463,2023/3/13 14:46,395.25,22.028,36.151,0
464,2023/3/13 14:51,390.369,21.985,35.822,0
465,2023/3/13 14:56,391.686,21.972,35.573,0
466,2023/3/13 15:01,390.001,21.929,35.609,0
467,2023/3/13 15:07,392.028,21.942,36.32,2
468,2023/3/13 15:12,521.263,21.972,38.678,3
469,2023/3/13 15:17,649.037,22.057,39.085,1
470,2023/3/13 15:22,678.734,22.127,39.42,0
471,2023/3/13 15:27,698.215,22.153,39.586,1
472,2023/3/13 15:32,798.806,22.196,39.604,2
473,2023/3/13 15:37,800.366,22.226,39.444,0
474,2023/3/13 15:42,794.829,22.282,39.163,1
475,2023/3/13 15:47,797.465,22.268,39.119,3
476,2023/3/13 15:52,811.895,22.268,39.462,8
477,2023/3/13 15:57,606.041,22.239,36.586,0
478,2023/3/13 16:02,559.411,22.14,36.012,0
479,2023/3/13 16:07,548.016,22.097,35.776,0
480,2023/3/13 16:12,520.387,22.041,35.376,0
481,2023/3/13 16:17,472.573,21.942,34.845,0
482,2023/3/13 16:22,434.339,21.916,34.622,0
483,2023/3/13 16:27,422.482,21.844,34.396,0
484,2023/3/13 16:32,400.714,21.785,33.995,0
485,2023/3/13 16:37,392.91,21.729,33.948,0
486,2023/3/13 16:42,382.217,21.646,33.546,0
487,2023/3/13 16:47,383.632,21.633,33.38,0
488,2023/3/13 16:52,384.557,21.59,33.014,0
489,2023/3/13 16:57,386.612,21.547,32.709,0
490,2023/3/13 17:02,384.383,21.491,32.162,0
491,2023/3/13 17:07,373.61,21.435,31.705,0
492,2023/3/13 17:12,371.726,21.35,31.216,0
493,2023/3/13 17:17,367.88,21.323,30.853,0
494,2023/3/13 17:23,360.376,21.28,30.397,0
495,2023/3/13 17:28,359.175,21.221,29.971,0
496,2023/3/13 17:33,366.531,21.165,29.546,0
497,2023/3/13 17:38,369.307,21.109,29.39,0
498,2023/3/13 17:43,366.597,21.037,29.28,0
499,2023/3/13 17:48,369.893,21.037,29.43,0
500,2023/3/13 17:53,370.147,21.011,29.381,0
501,2023/3/13 17:58,367.98,20.997,29.276,0
502,2023/3/13 18:03,368.487,20.912,29.224,0
503,2023/3/13 18:08,367.758,20.856,28.964,0
504,2023/3/13 18:13,363.714,20.786,28.973,1
505,2023/3/13 18:18,385.45,20.786,30.386,0
506,2023/3/13 18:23,472.757,20.813,31.123,0
507,2023/3/13 18:28,511,20.826,31.398,1
508,2023/3/13 18:33,540.167,20.869,31.578,0
509,2023/3/13 18:38,549.923,20.869,31.732,0
510,2023/3/13 18:43,555.773,20.882,31.837,0
511,2023/3/13 18:48,566.187,20.882,31.985,1
512,2023/3/13 18:53,576.64,20.912,32.063,2
513,2023/3/13 18:58,583.536,20.898,32.185,1
514,2023/3/13 19:03,585.451,20.925,32.487,2
515,2023/3/13 19:08,597.094,20.954,33.002,2
516,2023/3/13 19:14,617.283,20.997,33.02,0
517,2023/3/13 19:19,626.122,20.968,33.289,0
518,2023/3/13 19:24,622.79,21.011,33.395,1
519,2023/3/13 19:29,622.322,20.938,33.643,1
520,2023/3/13 19:34,613.135,20.925,33.655,0
521,2023/3/13 19:39,604.368,20.898,33.624,0
522,2023/3/13 19:44,597.744,20.898,33.762,0
523,2023/3/13 19:49,595.013,20.882,33.733,0
524,2023/3/13 19:54,592.777,20.856,33.798,2
525,2023/3/13 19:59,609.707,20.882,35.124,0
526,2023/3/13 20:04,823.76,20.968,35.909,0
527,2023/3/13 20:09,847.041,21.053,36.49,0
528,2023/3/13 20:14,890.304,21.136,36.911,0
529,2023/3/13 20:19,986.781,21.221,37.259,0
530,2023/3/13 20:24,1057.663,21.267,37.621,0
531,2023/3/13 20:29,1134.503,21.307,37.856,0
532,2023/3/13 20:34,1197.331,21.363,38.231,0
533,2023/3/13 20:39,1272.697,21.379,38.533,0
534,2023/3/13 20:45,1351.794,21.392,38.724,0
535,2023/3/13 20:50,1370.032,21.462,38.911,0
536,2023/3/13 20:55,1416.71,21.478,39.145,0
537,2023/3/13 21:00,1451.079,21.505,39.284,0
538,2023/3/13 21:05,1495.546,21.518,39.424,0
539,2023/3/13 21:10,1574.048,21.547,39.685,0
540,2023/3/13 21:15,1604.925,21.574,39.772,0
541,2023/3/13 21:20,1628.971,21.59,39.92,0
542,2023/3/13 21:25,1677.871,21.603,40.088,0
543,2023/3/13 21:30,1693.351,21.59,40.305,0
544,2023/3/13 21:35,1717.649,21.603,40.459,0
545,2023/3/13 21:40,1792.28,21.633,40.665,0
546,2023/3/13 21:45,1843.687,21.633,40.816,0
547,2023/3/13 21:50,1867.198,21.673,40.968,0
548,2023/3/13 21:55,1886.633,21.659,41.023,1
549,2023/3/13 22:00,1881.616,21.673,41.205,2
550,2023/3/13 22:05,1921.673,21.659,41.447,0
551,2023/3/13 22:10,1997.753,21.689,41.548,0
552,2023/3/13 22:15,2046.833,21.689,41.765,0
553,2023/3/13 22:20,2067.773,21.702,41.768,0
554,2023/3/13 22:25,2080.136,21.689,41.847,0
555,2023/3/13 22:30,2088.871,21.673,41.928,0
556,2023/3/13 22:35,2101.747,21.673,41.983,0
557,2023/3/13 22:40,2103.611,21.646,42.033,0
558,2023/3/13 22:45,2126.654,21.673,42.145,0
559,2023/3/13 22:50,2141.218,21.673,42.271,0
560,2023/3/13 22:55,2152.583,21.673,42.285,0
561,2023/3/13 23:00,2156.612,21.646,42.432,0
562,2023/3/13 23:06,2176.068,21.659,42.445,0
563,2023/3/13 23:11,2201.53,21.659,42.596,0
564,2023/3/13 23:16,2231.152,21.659,42.679,0
565,2023/3/13 23:21,2246.549,21.673,42.61,0
566,2023/3/13 23:26,2263.238,21.673,42.68,0
567,2023/3/13 23:31,2268.216,21.702,42.642,0
568,2023/3/13 23:36,2279.094,21.689,42.653,0
569,2023/3/13 23:41,2296.08,21.702,42.766,0
570,2023/3/13 23:46,2297.294,21.673,42.734,2
571,2023/3/13 23:51,2301.397,21.673,43.118,0
572,2023/3/13 23:56,2295.408,21.673,43.091,1
573,2023/3/14 0:01,2291.375,21.659,43.129,1
574,2023/3/14 0:06,2277.316,21.673,43.32,1
575,2023/3/14 0:11,2276.786,21.646,43.269,1
576,2023/3/14 0:16,2279.69,21.646,43.216,3
577,2023/3/14 0:21,2267.371,21.659,43.269,1
578,2023/3/14 0:26,2257.123,21.646,43.417,1
579,2023/3/14 0:31,2258.361,21.633,43.202,0
580,2023/3/14 0:36,2256.094,21.603,43.201,0
581,2023/3/14 0:42,2256.052,21.603,43.324,0
582,2023/3/14 0:47,2242.651,21.59,43.324,0
583,2023/3/14 0:52,2244.591,21.59,43.361,0
584,2023/3/14 0:57,2243.647,21.561,43.37,0
585,2023/3/14 1:02,2247.615,21.574,43.549,0
586,2023/3/14 1:07,2253.4,21.534,43.555,0
587,2023/3/14 1:12,2250.49,21.534,43.591,1
588,2023/3/14 1:17,2211.771,21.534,43.604,3
589,2023/3/14 1:22,2220.47,21.518,43.701,0
590,2023/3/14 1:27,2214.768,21.505,43.802,0
591,2023/3/14 1:32,2218.125,21.518,43.839,0
592,2023/3/14 1:37,2219.313,21.505,43.889,0
593,2023/3/14 1:42,2219.038,21.478,43.935,0
594,2023/3/14 1:47,2231.764,21.462,43.983,0
595,2023/3/14 1:52,2224.494,21.462,43.983,0
596,2023/3/14 1:58,2217.54,21.462,44.084,0
597,2023/3/14 2:03,2221.26,21.448,44.081,0
598,2023/3/14 2:08,2224.249,21.448,44.118,0
599,2023/3/14 2:13,2229.061,21.448,44.208,0
600,2023/3/14 2:18,2222.534,21.422,44.254,0
601,2023/3/14 2:23,2230.966,21.462,44.258,0
602,2023/3/14 2:28,2230.64,21.462,44.296,0
603,2023/3/14 2:33,2242.077,21.462,44.269,1
604,2023/3/14 2:38,2266.373,21.478,44.574,21
605,2023/3/14 2:43,2453.114,21.505,44.951,24
606,2023/3/14 2:48,2526.071,21.534,44.881,12
607,2023/3/14 2:53,2583.763,21.547,45.27,1
608,2023/3/14 2:58,2578.476,21.547,44.981,1
609,2023/3/14 3:03,2569.167,21.534,45.091,0
610,2023/3/14 3:08,2558.151,21.518,44.891,2
611,2023/3/14 3:13,2543.112,21.505,45.064,0
612,2023/3/14 3:18,2529.473,21.478,44.899,3
613,2023/3/14 3:23,2521.383,21.505,45.038,5
614,2023/3/14 3:28,2488.241,21.518,44.891,2
615,2023/3/14 3:33,2484.863,22.028,45.152,1
616,2023/3/14 3:39,2485.754,22.436,44.579,3
617,2023/3/14 3:44,2490.7,23.029,43.596,1
618,2023/3/14 3:49,2477.692,23.51,42.937,0
619,2023/3/14 3:54,2422.688,23.921,42.255,0
620,2023/3/14 3:59,2383.457,24.159,41.939,0
621,2023/3/14 4:04,2369.934,24.388,41.635,0
622,2023/3/14 4:05,2369.759,24.429,41.585,0
623,2023/3/14 4:10,2356.447,24.656,41.348,0
624,2023/3/14 4:15,2345.68,24.81,41.214,0
625,2023/3/14 4:20,2334.561,24.939,41.118,0
626,2023/3/14 4:25,2312.11,25.037,41.032,0
627,2023/3/14 4:30,2289.223,25.136,40.904,0
628,2023/3/14 4:35,2282.806,25.262,40.77,0
629,2023/3/14 4:40,2268.739,25.262,40.742,0
630,2023/3/14 4:45,2263.651,25.36,40.738,0
631,2023/3/14 4:50,2246.443,25.403,40.591,0
632,2023/3/14 4:55,2229.988,25.486,40.71,0
633,2023/3/14 5:00,2206.84,25.531,40.715,0
634,2023/3/14 5:05,2192.672,25.545,40.813,0
635,2023/3/14 5:10,2166.726,25.574,40.776,0
636,2023/3/14 5:15,2153.071,25.601,40.817,0
637,2023/3/14 5:20,2134.834,25.574,40.953,0
638,2023/3/14 5:26,2129.904,25.561,40.941,0
639,2023/3/14 5:31,2117.722,25.601,40.958,0
640,2023/3/14 5:36,2111.197,25.561,41.008,0
641,2023/3/14 5:41,2106.09,25.561,41.229,0
642,2023/3/14 5:46,2110.362,25.561,41.202,0
643,2023/3/14 5:51,2096.255,25.601,41.206,0
644,2023/3/14 5:56,2080.138,25.601,41.165,0
645,2023/3/14 6:01,2073.962,25.587,41.315,0
646,2023/3/14 6:06,2061.445,25.574,41.425,0
647,2023/3/14 6:11,2060,25.561,41.422,0
648,2023/3/14 6:16,2051.99,25.601,41.539,0
649,2023/3/14 6:21,2042.869,25.644,41.417,0
650,2023/3/14 6:26,2019.667,25.673,41.476,0
651,2023/3/14 6:31,2011.578,25.686,41.493,0
652,2023/3/14 6:36,2009.612,25.66,41.447,0
653,2023/3/14 6:41,1990.345,25.673,41.518,0
654,2023/3/14 6:46,1977.414,25.7,41.522,0
655,2023/3/14 6:51,1965.087,25.716,41.772,1
656,2023/3/14 6:56,1963.474,25.742,41.859,0
657,2023/3/14 7:01,1954.265,25.798,41.838,0
658,2023/3/14 7:06,1965.648,25.812,41.879,0
659,2023/3/14 7:11,1968.223,25.884,41.985,1
660,2023/3/14 7:16,1966.178,25.953,41.884,0
661,2023/3/14 7:21,1963.21,26.023,41.891,0
662,2023/3/14 7:26,1943.747,26.122,41.777,0
663,2023/3/14 7:31,1945.432,26.065,41.714,1
664,2023/3/14 7:36,1940.443,26.108,42.01,0
665,2023/3/14 7:42,1935.45,26.18,41.948,0
666,2023/3/14 7:47,1928.435,26.322,41.772,0
667,2023/3/14 7:52,1917.56,26.223,41.76,0
668,2023/3/14 7:57,1928.8,26.223,42.01,0
669,2023/3/14 8:02,1935.728,26.365,41.998,0
670,2023/3/14 8:07,1938.145,26.223,42.079,0
671,2023/3/14 8:12,1940.316,26.365,42.012,0
672,2023/3/14 8:17,1947.964,26.223,42.038,0
673,2023/3/14 8:22,1939.431,26.335,42.134,1
674,2023/3/14 8:27,1938.209,26.236,42.273,0
675,2023/3/14 8:32,1947.558,26.252,42.317,0
676,2023/3/14 8:37,1948.163,26.236,42.397,1
677,2023/3/14 8:42,1951.053,26.196,42.436,0
678,2023/3/14 8:47,1959.12,26.252,42.566,0
679,2023/3/14 8:52,1969.816,26.167,42.708,0
680,2023/3/14 8:57,1985.144,26.252,42.717,0
681,2023/3/14 9:02,1988.078,26.21,42.836,0
682,2023/3/14 9:07,1997.167,26.154,42.859,0
683,2023/3/14 9:12,1998.383,26.252,42.857,1
684,2023/3/14 9:17,1999.829,26.154,43.01,1
685,2023/3/14 9:22,2015.019,26.154,43.068,0
686,2023/3/14 9:27,2029.286,26.223,43.143,2
687,2023/3/14 9:32,2039.289,26.167,43.262,1
688,2023/3/14 9:37,2057.037,26.252,43.271,0
689,2023/3/14 9:42,2057.775,26.279,43.289,1
690,2023/3/14 9:47,2057.9,26.167,43.44,0
691,2023/3/14 9:52,2071.64,26.167,43.498,2
692,2023/3/14 9:57,2068.58,26.21,43.585,0
693,2023/3/14 10:02,2079.791,26.18,43.651,3
694,2023/3/14 10:07,2088.284,26.252,43.738,1
695,2023/3/14 10:13,2093.975,26.236,43.839,0
696,2023/3/14 10:18,2103.878,26.167,43.958,1
697,2023/3/14 10:23,2109.87,26.236,43.939,2
698,2023/3/14 10:28,2119.951,26.322,43.99,2
699,2023/3/14 10:33,2124.265,26.335,43.915,1
700,2023/3/14 10:38,2130.021,26.365,43.942,0
701,2023/3/14 10:43,2131.369,26.308,43.924,0
702,2023/3/14 10:48,2133.106,26.279,44.02,1
703,2023/3/14 10:53,2154.4,26.365,43.994,0
704,2023/3/14 10:58,2140.98,26.391,44.008,0
705,2023/3/14 11:03,2135.082,26.308,44.063,2
706,2023/3/14 11:08,2150.416,26.391,43.846,0
707,2023/3/14 11:13,2157.294,26.421,44.002,6
708,2023/3/14 11:18,2147.969,26.407,44.2,2
709,2023/3/14 11:23,2157.388,26.365,44.095,0
710,2023/3/14 11:28,2166.266,26.365,44.057,0
711,2023/3/14 11:33,2166.465,26.434,44.003,0
712,2023/3/14 11:38,2163.542,26.391,43.985,0
713,2023/3/14 11:43,2155.084,26.365,43.956,2
714,2023/3/14 11:48,2149.434,26.407,43.935,0
715,2023/3/14 11:53,2138.883,26.421,44.002,0
716,2023/3/14 11:58,2141.614,26.447,44.131,0
717,2023/3/14 12:04,2144.569,26.434,44.244,0
718,2023/3/14 12:09,2154.973,26.447,44.194,0
719,2023/3/14 12:14,2156.305,26.477,44.223,0
720,2023/3/14 12:19,2156.017,26.477,44.35,0
721,2023/3/14 12:24,2155.081,26.477,44.424,0
722,2023/3/14 12:29,2158.36,26.506,44.341,0
723,2023/3/14 12:34,2162.787,26.546,44.331,0
724,2023/3/14 12:39,2166.929,26.519,44.443,0
725,2023/3/14 12:44,2182.564,26.49,44.606,0
726,2023/3/14 12:49,2178.036,26.477,44.629,0
727,2023/3/14 12:54,2184.165,26.546,44.612,0
728,2023/3/14 12:59,2189.297,26.589,44.579,0
729,2023/3/14 13:04,2194.763,26.562,44.64,0
730,2023/3/14 13:09,2195.656,26.506,44.785,0
731,2023/3/14 13:14,2192.773,26.562,44.69,0
732,2023/3/14 13:19,2187.936,26.546,44.624,0
733,2023/3/14 13:24,2174.594,26.546,44.51,4
734,2023/3/14 13:29,2136.437,26.49,44.199,0
735,2023/3/14 13:34,2024.825,26.562,43.852,1
736,2023/3/14 13:39,2031.679,26.589,44.07,0
737,2023/3/14 13:44,2056.666,26.546,44.524,0
738,2023/3/14 13:49,2070.772,26.546,44.662,0
739,2023/3/14 13:51,2085.294,26.546,44.753,0
740,2023/3/14 13:56,2144.624,26.546,44.853,0
741,2023/3/14 14:01,2167.665,26.632,44.722,0
742,2023/3/14 14:06,2179.93,26.618,44.734,0
743,2023/3/14 14:11,2182.198,26.602,44.872,0
744,2023/3/14 14:16,2190.444,26.575,44.894,2
745,2023/3/14 14:21,2173.791,26.49,44.707,2
746,2023/3/14 14:26,2055.018,26.519,44.621,0
747,2023/3/14 14:31,2072.15,26.589,44.656,0
748,2023/3/14 14:36,2080.474,26.602,44.835,0
749,2023/3/14 14:41,2087.635,26.602,44.809,0
750,2023/3/14 14:47,2092.156,26.602,44.798,0
751,2023/3/14 14:52,2106.277,26.602,44.963,2
752,2023/3/14 14:57,2119.661,26.618,44.899,0
753,2023/3/14 15:02,2128.693,26.688,44.882,1
754,2023/3/14 15:07,2134.46,26.674,45.02,0
755,2023/3/14 15:12,2150.674,26.717,45.078,0
756,2023/3/14 15:17,2164.402,26.658,45.235,0
757,2023/3/14 15:22,2177.005,26.658,45.297,3
758,2023/3/14 15:27,2187.635,26.688,45.302,2
759,2023/3/14 15:32,2197.867,26.717,45.256,0
760,2023/3/14 15:37,2210.283,26.688,45.239,2
761,2023/3/14 15:42,2209.94,26.645,45.284,0
762,2023/3/14 15:47,2217.241,26.674,45.366,0
763,2023/3/14 15:52,2227.064,26.744,45.193,0
764,2023/3/14 15:57,2239.023,26.701,45.329,0
765,2023/3/14 16:02,2239.7,26.658,45.403,0
766,2023/3/14 16:07,2243.143,26.717,45.306,0
767,2023/3/14 16:12,2244.369,26.688,45.226,0
768,2023/3/14 16:17,2251.353,26.645,45.375,0
769,2023/3/14 16:22,2259.625,26.632,45.386,0
770,2023/3/14 16:27,2257.315,26.744,45.247,0
771,2023/3/14 16:32,2263.742,26.717,45.345,0
772,2023/3/14 16:37,2261.813,26.674,45.366,0
773,2023/3/14 16:42,2259.942,26.674,45.299,0
774,2023/3/14 16:47,2250.801,26.717,45.242,0
775,2023/3/14 16:52,2257.446,26.674,45.567,0
776,2023/3/14 16:57,2260.918,26.717,45.535,0
777,2023/3/14 17:02,2257.586,26.789,45.558,0
778,2023/3/14 17:08,2264.754,26.658,45.782,0
779,2023/3/14 17:13,2270.137,26.73,45.7,0
780,2023/3/14 17:18,2279.131,26.73,45.778,0
781,2023/3/14 17:23,2284.27,26.645,46.048,0
782,2023/3/14 17:28,2284.924,26.717,45.802,0
783,2023/3/14 17:33,2279.389,26.744,45.755,0
784,2023/3/14 17:38,2275.622,26.645,45.856,0
785,2023/3/14 17:43,2265.576,26.632,45.805,0
786,2023/3/14 17:48,2265.949,26.701,45.709,0
787,2023/3/14 17:53,2275.246,26.674,45.924,0
788,2023/3/14 17:58,2268.151,26.674,45.541,9
789,2023/3/14 18:03,2230.946,26.915,46.194,13
790,2023/3/14 18:08,2164.563,26.789,45.81,0
791,2023/3/14 18:13,2047.222,26.744,45.5,0
792,2023/3/14 18:18,1993.448,26.789,45.226,0
793,2023/3/14 18:23,1881.443,26.776,45.02,0
794,2023/3/14 18:28,1820.68,26.658,44.931,0
795,2023/3/14 18:33,1762.693,26.802,44.656,0
796,2023/3/14 18:38,1709.568,26.717,44.543,0
797,2023/3/14 18:43,1620.256,26.618,44.507,0
798,2023/3/14 18:48,1566.698,26.717,44.341,0
799,2023/3/14 18:53,1505.504,26.76,44.205,0
800,2023/3/14 18:58,1430.756,26.632,44.077,0
801,2023/3/14 19:03,1394.945,26.776,43.993,0
802,2023/3/14 19:09,1378.136,26.602,43.985,0
803,2023/3/14 19:14,1304.666,26.845,43.773,0
804,2023/3/14 19:19,1280.924,26.688,43.765,0
805,2023/3/14 19:24,1250.525,26.717,43.645,0
806,2023/3/14 19:29,1238.758,26.717,43.631,0
807,2023/3/14 19:34,1220.284,26.658,43.541,0
808,2023/3/14 19:39,1188.215,26.816,43.408,0
809,2023/3/14 19:44,1159.29,26.658,43.445,0
810,2023/3/14 19:49,1129.018,26.776,43.265,0
811,2023/3/14 19:54,1069.041,26.674,43.321,0
812,2023/3/14 19:59,1066.939,26.744,43.233,0
813,2023/3/14 20:04,1052.286,26.688,43.198,0
814,2023/3/14 20:09,1026.846,26.776,43.097,0
815,2023/3/14 20:14,1015.101,26.73,43.106,0
816,2023/3/14 20:19,1001.816,26.76,42.972,0
817,2023/3/14 20:24,996.765,26.776,42.917,0
818,2023/3/14 20:29,986.148,26.832,42.871,0
819,2023/3/14 20:34,967.18,26.701,42.88,0
820,2023/3/14 20:39,966.922,26.575,42.937,0
821,2023/3/14 20:44,950.491,26.76,42.834,0
822,2023/3/14 20:49,927.274,26.589,42.981,0
823,2023/3/14 20:54,907.689,26.76,42.776,0
824,2023/3/14 21:00,897.157,26.618,42.914,0
825,2023/3/14 21:05,895.922,26.802,42.671,0
826,2023/3/14 21:10,888.374,26.575,42.812,0
827,2023/3/14 21:15,880.485,26.802,42.575,0
828,2023/3/14 21:20,872.613,26.602,42.662,0
829,2023/3/14 21:25,867.205,26.744,42.624,0
830,2023/3/14 21:30,873.386,26.589,42.981,2
831,2023/3/14 21:35,960.035,26.658,43.5,0
832,2023/3/14 21:40,1121.69,26.589,44.377,0
833,2023/3/14 21:45,1145.86,26.575,44.539,0
834,2023/3/14 21:50,1222.215,26.645,44.562,0
835,2023/3/14 21:55,1290.319,26.562,45.032,0
836,2023/3/14 22:00,1352.259,26.546,45.056,0
837,2023/3/14 22:05,1406.308,26.674,44.983,0
838,2023/3/14 22:10,1457.959,26.589,45.276,0
839,2023/3/14 22:15,1520.121,26.688,45.148,0
840,2023/3/14 22:20,1553.069,26.602,45.482,0
841,2023/3/14 22:25,1571.138,26.658,45.49,2
842,2023/3/14 22:30,1647.975,26.674,45.618,0
843,2023/3/14 22:36,1671.896,26.618,45.879,1
844,2023/3/14 22:41,1731.645,26.589,45.834,1
845,2023/3/14 22:46,1759.819,26.688,45.72,2
846,2023/3/14 22:51,1788.888,26.701,45.837,0
847,2023/3/14 22:56,1803.164,26.632,45.967,1
848,2023/3/14 23:01,1812.313,26.73,46.071,1
849,2023/3/14 23:06,1831.636,26.701,46.117,1
850,2023/3/14 23:11,1861.23,26.632,46.196,0
851,2023/3/14 23:16,1862.036,26.744,45.967,0
852,2023/3/14 23:21,1859.95,26.658,46.162,1
853,2023/3/14 23:26,1856.602,26.645,45.894,8
854,2023/3/14 23:31,1877.348,26.717,46.196,2
855,2023/3/14 23:36,1892.021,26.73,46.246,0
856,2023/3/14 23:41,1922.622,26.632,46.439,1
857,2023/3/14 23:46,1953.251,26.674,46.544,0
858,2023/3/14 23:51,1962.746,26.76,46.581,1
859,2023/3/14 23:56,1973.74,26.658,46.759,0
860,2023/3/15 0:01,1990.402,26.717,46.73,0
861,2023/3/15 0:06,2021.804,26.744,46.896,0
862,2023/3/15 0:11,2058.676,26.674,47.078,0
863,2023/3/15 0:16,2064.084,26.76,46.782,1
864,2023/3/15 0:21,2062.356,26.76,46.849,0
865,2023/3/15 0:26,2061.105,26.688,47.005,0
866,2023/3/15 0:31,2067.188,26.717,46.841,0
867,2023/3/15 0:36,2053.209,26.776,46.837,0
868,2023/3/15 0:41,2038.604,26.674,47.13,1
869,2023/3/15 0:46,2044.695,26.717,47.427,1
870,2023/3/15 0:51,2037.998,26.76,47.33,1
871,2023/3/15 0:56,2040.49,26.674,47.574,4
872,2023/3/15 1:01,2040.238,26.688,47.308,0
873,2023/3/15 1:06,2045.768,26.744,47.212,0
874,2023/3/15 1:11,2046.298,26.744,47.29,1
875,2023/3/15 1:16,2046.034,26.701,47.185,0
876,2023/3/15 1:21,2048.195,26.776,47.142,0
877,2023/3/15 1:26,2042.273,26.717,47.289,1
878,2023/3/15 1:31,2044.465,26.744,47.212,0
879,2023/3/15 1:36,2043.171,26.802,47.261,0
880,2023/3/15 1:41,2050.881,26.717,47.403,1
881,2023/3/15 1:46,2053.479,26.76,47.446,0
882,2023/3/15 1:51,2062.792,26.802,47.551,2
883,2023/3/15 1:56,2087.663,26.744,47.583,2
884,2023/3/15 2:01,2095.397,26.776,47.421,1
885,2023/3/15 2:06,2107.359,26.789,47.423,0
886,2023/3/15 2:11,2100.154,26.76,47.56,2
887,2023/3/15 2:16,2113.994,26.688,47.485,3
888,2023/3/15 2:21,2117.189,26.789,47.398,0
889,2023/3/15 2:26,2124.647,26.776,47.295,1
890,2023/3/15 2:31,2123.302,26.674,47.371,0
891,2023/3/15 2:36,2123.128,26.717,47.249,0
892,2023/3/15 2:41,2125.158,26.789,47.234,1
893,2023/3/15 2:46,2126.896,26.73,47.302,0
894,2023/3/15 2:51,2123.943,26.776,47.194,0
895,2023/3/15 2:56,2126.741,26.776,47.169,0
896,2023/3/15 3:01,2126.969,26.688,47.194,0
897,2023/3/15 3:07,2120.352,26.73,47.047,0
898,2023/3/15 3:12,2121.793,26.744,47.025,0
899,2023/3/15 3:17,2110.488,26.674,47.064,0
900,2023/3/15 3:22,2118.617,26.701,47.069,3
901,2023/3/15 3:27,2125.289,26.76,47.052,0
902,2023/3/15 3:32,2120.136,26.674,47.13,1
903,2023/3/15 3:37,2117.392,26.645,47.061,0
904,2023/3/15 3:42,2127.99,26.76,46.886,4
905,2023/3/15 3:47,2131.658,26.73,47.098,1
906,2023/3/15 3:52,2129.075,26.701,47.006,0
907,2023/3/15 3:57,2129.647,26.744,46.96,1
908,2023/3/15 4:02,2130.151,26.76,46.988,1
909,2023/3/15 4:05,2121.859,26.717,46.996,0
910,2023/3/15 4:10,2126.575,26.776,47.002,0
911,2023/3/15 4:15,2121.44,26.701,46.979,0
912,2023/3/15 4:20,2123.66,26.744,46.91,0
913,2023/3/15 4:25,2119.326,26.776,46.863,0
914,2023/3/15 4:30,2127.212,26.73,46.945,4
915,2023/3/15 4:35,2119.036,26.76,46.849,0
916,2023/3/15 4:40,2115.14,26.717,46.918,0
917,2023/3/15 4:45,2105.851,26.674,46.938,0
918,2023/3/15 4:50,2111.543,26.76,46.835,0
919,2023/3/15 4:55,2110.133,26.76,46.95,2
920,2023/3/15 5:00,2122.715,26.674,47.002,0
921,2023/3/15 5:05,2118.712,26.789,46.904,3
922,2023/3/15 5:10,2118.502,26.776,46.901,0
923,2023/3/15 5:15,2120.864,26.717,46.97,0
924,2023/3/15 5:20,2122.051,26.73,46.819,0
925,2023/3/15 5:25,2122.294,26.776,46.901,3
926,2023/3/15 5:30,2116.928,26.701,46.928,0
927,2023/3/15 5:35,2123.152,26.658,46.96,2
928,2023/3/15 5:40,2117.729,26.776,46.849,0
929,2023/3/15 5:45,2118.329,26.73,47.023,5
930,2023/3/15 5:51,2123.312,26.674,46.964,0
931,2023/3/15 5:56,2119.096,26.76,46.873,1
932,2023/3/15 6:01,2123.404,26.73,46.983,2
933,2023/3/15 6:06,2119.134,26.658,46.988,1
934,2023/3/15 6:11,2130.241,26.744,46.973,6
935,2023/3/15 6:16,2141.988,26.76,46.96,1
936,2023/3/15 6:21,2145.486,26.632,47.037,1
937,2023/3/15 6:26,2141.34,26.674,46.964,0
938,2023/3/15 6:31,2154.558,26.816,46.855,0
939,2023/3/15 6:36,2159.145,26.658,46.936,0
940,2023/3/15 6:41,2154.149,26.776,46.837,0
941,2023/3/15 6:46,2155.551,26.645,47.038,0
942,2023/3/15 6:51,2155.934,26.802,46.727,0
943,2023/3/15 6:56,2162.146,26.76,47.101,0
944,2023/3/15 7:01,2172.584,26.76,46.974,1
945,2023/3/15 7:06,2179.568,26.859,46.96,0
946,2023/3/15 7:11,2180.626,26.845,47.101,0
947,2023/3/15 7:16,2190.107,26.802,47.069,1
948,2023/3/15 7:21,2192.755,26.901,46.992,0
949,2023/3/15 7:26,2194.354,26.901,47.083,0
950,2023/3/15 7:31,2199.085,26.944,46.997,0
951,2023/3/15 7:36,2200.327,26.987,46.951,0
952,2023/3/15 7:41,2196.146,26.888,47.079,0
953,2023/3/15 7:46,2193.258,26.971,46.927,0
954,2023/3/15 7:51,2199.465,26.957,47.064,0
955,2023/3/15 7:56,2203.935,26.901,47.147,0
956,2023/3/15 8:01,2205.464,27,46.992,0
957,2023/3/15 8:06,2204.967,26.987,47.083,0
958,2023/3/15 8:12,2212.845,27,47.032,0
959,2023/3/15 8:17,2212.543,27.056,47.101,2
960,2023/3/15 8:21,2213.734,26.957,47.24,0
961,2023/3/15 8:27,2229.057,27.013,47.185,1
962,2023/3/15 8:32,2248.026,27.056,47.357,0
963,2023/3/15 8:37,2273.372,27.013,47.491,1
964,2023/3/15 8:42,2301.759,27.07,47.409,0
965,2023/3/15 8:47,2336.588,27.056,47.56,0
966,2023/3/15 8:52,2407.817,27.027,47.62,0
967,2023/3/15 8:57,2411.985,27.07,47.522,0
968,2023/3/15 9:02,2418.461,27.07,47.627,0
969,2023/3/15 9:07,2432.965,27.013,47.618,0
970,2023/3/15 9:12,2435.14,27.083,47.563,0
971,2023/3/15 9:17,2427.766,27.083,47.641,1
972,2023/3/15 9:22,2430.656,27,47.78,1
973,2023/3/15 9:27,2423.498,27.056,47.701,1
974,2023/3/15 9:32,2415.015,27.043,47.89,18
975,2023/3/15 9:37,2375.966,27.294,47.144,0
976,2023/3/15 9:42,2279.325,27.07,47.334,0
977,2023/3/15 9:47,2202.922,27.027,47.363,2
978,2023/3/15 9:52,2223.526,26.915,47.807,0
979,2023/3/15 9:57,2211.133,27,47.844,0
980,2023/3/15 10:02,2206.358,26.944,48.016,0
981,2023/3/15 10:07,2198.86,26.931,48.329,0
982,2023/3/15 10:12,2189.29,27.013,48.241,0
983,2023/3/15 10:17,2188.359,26.915,48.927,0
984,2023/3/15 10:22,2183.112,27.027,48.828,0
985,2023/3/15 10:27,2182.076,26.987,48.911,0
986,2023/3/15 10:32,2182.39,26.987,48.872,0
987,2023/3/15 10:37,2181.464,27.027,48.801,0
988,2023/3/15 10:42,2172.745,26.957,48.653,3
989,2023/3/15 10:47,2162.785,27.013,48.608,0
990,2023/3/15 10:52,2114.365,26.931,48.471,9
991,2023/3/15 10:57,2044.014,27,48.151,0
992,2023/3/15 11:02,1988.189,27.043,47.926,0
993,2023/3/15 11:07,1875.876,27,47.757,0
994,2023/3/15 11:12,1831.611,27.07,47.574,0
995,2023/3/15 11:17,1733.6,27.027,47.481,0
996,2023/3/15 11:22,1703.147,26.931,47.353,0
997,2023/3/15 11:28,1653.845,27.027,47.202,0
998,2023/3/15 11:33,1621.421,27.013,47.134,0
999,2023/3/15 11:38,1575.26,26.957,46.96,0
1000,2023/3/15 11:43,1487.916,27.056,46.899,0
1001,2023/3/15 11:48,1436.813,26.944,46.858,0
1002,2023/3/15 11:53,1423.166,27.027,46.808,0
1003,2023/3/15 11:58,1389.878,27.07,46.658,0
1004,2023/3/15 12:03,1374.43,26.971,46.648,0
1005,2023/3/15 12:08,1355.274,27.043,46.553,0
1006,2023/3/15 12:13,1310.424,27.027,46.461,0
1007,2023/3/15 12:18,1252.211,27.013,46.387,0
1008,2023/3/15 12:22,1200.936,27.056,46.288,0
1009,2023/3/15 12:27,1165.141,27,46.191,0
1010,2023/3/15 12:32,1140.807,27.013,46.094,0
1011,2023/3/15 12:37,1110.807,27.056,46.072,0
1012,2023/3/15 12:42,1089.247,26.944,45.93,0
1013,2023/3/15 12:47,1046.212,27.027,45.839,0
1014,2023/3/15 12:52,1019.157,27,45.824,0
1015,2023/3/15 12:58,995.496,26.987,45.784,0
1016,2023/3/15 13:03,962.748,27.056,45.679,0
1017,2023/3/15 13:08,945.29,26.915,45.66,0
1018,2023/3/15 13:13,925.008,27.043,45.523,0
1019,2023/3/15 13:18,901.565,27.027,45.509,0
1020,2023/3/15 13:23,876.745,27.013,45.329,0
1021,2023/3/15 13:28,864.452,27.027,45.267,0
1022,2023/3/15 13:33,855.828,26.901,45.48,1
1023,2023/3/15 13:38,960.052,27.043,45.802,0
1024,2023/3/15 13:43,1055.656,26.931,46.336,0
1025,2023/3/15 13:48,1079.243,27.013,45.953,0
1026,2023/3/15 13:53,1121.982,26.931,46.26,0
1027,2023/3/15 13:58,1250.05,26.971,46.584,0
1028,2023/3/15 14:03,1274.121,26.971,46.393,0
1029,2023/3/15 14:08,1303.269,26.872,46.544,0
1030,2023/3/15 14:13,1322.888,27.027,46.26,3
1031,2023/3/15 14:18,1369.811,26.944,46.324,0
1032,2023/3/15 14:23,1458.501,27,46.764,1
1033,2023/3/15 14:28,1505.17,27.013,46.982,2
1034,2023/3/15 14:33,1566.3,27.056,47.253,1
1035,2023/3/15 14:38,1604.493,27.027,47.148,2
1036,2023/3/15 14:43,1610.719,27.112,46.906,2
1037,2023/3/15 14:48,1631.851,27.142,46.718,0
1038,2023/3/15 14:53,1605.218,27.155,46.199,0
1039,2023/3/15 14:58,1610.029,27.168,46.062,0
1040,2023/3/15 15:03,1594.557,27.142,46.223,1
1041,2023/3/15 15:08,1605.893,27.211,46.346,4
1042,2023/3/15 15:13,1582.08,27.083,46.318,2
1043,2023/3/15 15:18,1562.635,27.198,46.155,0
1044,2023/3/15 15:23,1557.588,27.126,46.194,0
1045,2023/3/15 15:28,1561.238,27.013,46.588,0
1046,2023/3/15 15:33,1583.375,27.112,46.588,0
1047,2023/3/15 15:38,1664.002,27.027,46.808,0
1048,2023/3/15 15:43,1653.955,27.056,46.91,0
1049,2023/3/15 15:48,1674.341,27.056,47.052,0
1050,2023/3/15 15:53,1702.797,26.987,47.322,4
1051,2023/3/15 15:58,1682.929,27.056,46.886,0
1052,2023/3/15 16:03,1652.049,27,46.332,0
1053,2023/3/15 16:08,1489.577,27.043,46.007,0
1054,2023/3/15 16:13,1428.865,27.013,45.775,0
1055,2023/3/15 16:18,1356.686,27.027,45.509,0
1056,2023/3/15 16:23,1296.624,27.043,45.485,0
1057,2023/3/15 16:29,1239.475,26.944,45.244,0
1058,2023/3/15 16:34,1216.212,27.056,45.18,0
1059,2023/3/15 16:39,1161.267,26.957,45.093,0
1060,2023/3/15 16:44,1095.115,27.043,45.004,0
1061,2023/3/15 16:49,1075.662,27,44.997,0
1062,2023/3/15 16:54,1058.527,26.971,44.931,0
1063,2023/3/15 16:59,1020.337,27.013,44.986,0
1064,2023/3/15 17:04,985.318,26.888,44.997,0
1065,2023/3/15 17:09,945.649,26.971,44.931,0
1066,2023/3/15 17:14,934.603,26.957,44.978,0
1067,2023/3/15 17:19,904.807,26.987,44.818,0
1068,2023/3/15 17:24,872.208,27,44.946,0
1069,2023/3/15 17:29,865.173,26.931,44.876,1
1070,2023/3/15 17:34,871.543,26.971,45.235,1
1071,2023/3/15 17:39,1044.384,26.901,46.332,0
1072,2023/3/15 17:44,1072.07,27.013,46.08,0
1073,2023/3/15 17:49,1110.375,26.971,46.469,0
1074,2023/3/15 17:54,1200.193,26.971,46.544,0
1075,2023/3/15 17:59,1250.896,27,46.878,0
1076,2023/3/15 18:04,1295.671,26.957,47.24,0
1077,2023/3/15 18:09,1345.399,26.987,47.284,0
1078,2023/3/15 18:14,1361.757,26.901,47.743,0
1079,2023/3/15 18:19,1382.056,27.043,47.458,0
1080,2023/3/15 18:24,1444.065,26.915,48.076,0
1081,2023/3/15 18:29,1488.059,27.027,47.821,0
1082,2023/3/15 18:34,1526.182,27.013,48.419,0
1083,2023/3/15 18:39,1574.753,27.056,48.474,0
1084,2023/3/15 18:44,1589.982,27.056,48.566,0
1085,2023/3/15 18:49,1627.614,26.957,49.213,0
1086,2023/3/15 18:54,1653.966,27.027,49.016,0
1087,2023/3/15 18:59,1748.451,26.931,49.702,2
1088,2023/3/15 19:05,1721.49,27.027,48.929,0
1089,2023/3/15 19:10,1529.803,26.971,48.553,0
1090,2023/3/15 19:15,1454.107,26.944,48.218,1
1091,2023/3/15 19:20,1394.325,27.027,48.535,0
1092,2023/3/15 19:25,1407.89,26.944,49.413,0
1093,2023/3/15 19:30,1451.357,27.027,49.423,0
1094,2023/3/15 19:35,1451.808,26.888,49.648,0
1095,2023/3/15 19:40,1454.556,27.013,49.373,1
1096,2023/3/15 19:45,1458.391,26.957,50.218,2
1097,2023/3/15 19:50,1462.84,27.013,49.692,1
1098,2023/3/15 19:55,1458.164,27,49.651,1
1099,2023/3/15 20:00,1380.681,26.915,49.422,1
1100,2023/3/15 20:05,1382.835,27.027,49.133,2
1101,2023/3/15 20:10,1376.247,26.944,49.184,1
1102,2023/3/15 20:15,1376.806,27.043,48.97,2
1103,2023/3/15 20:20,1378.016,26.944,49.184,1
1104,2023/3/15 20:25,1382.421,27.027,49.043,3
1105,2023/3/15 20:30,1397.947,26.957,49.225,0
1106,2023/3/15 20:35,1425.181,27.056,49.098,1
1107,2023/3/15 20:40,1440.124,26.987,49.139,3
1108,2023/3/15 20:45,1440.039,27.013,49.08,0
1109,2023/3/15 20:50,1461.227,26.971,49.266,0
1110,2023/3/15 20:55,1480.248,26.971,49.213,0
1111,2023/3/15 21:00,1487.254,27.013,49.12,0
1112,2023/3/15 21:05,1493.605,26.944,49.071,0
1113,2023/3/15 21:10,1509.14,27.043,49.033,3
1114,2023/3/15 21:15,1508.772,26.915,48.991,0
1115,2023/3/15 21:20,1250.141,27,48.302,0
1116,2023/3/15 21:25,1110.412,26.816,47.733,0
1117,2023/3/15 21:30,1015.095,27.013,47.4,0
1118,2023/3/15 21:35,983.539,26.845,46.96,0
1119,2023/3/15 21:40,863.402,26.944,46.771,0
1120,2023/3/15 21:46,842.512,26.832,46.515,0
1121,2023/3/15 21:51,803.726,26.901,45.926,0
1122,2023/3/15 21:56,800.35,26.888,46.103,0
1123,2023/3/15 22:01,770.424,26.789,45.48,0
1124,2023/3/15 22:06,744.048,26.832,45.549,0
1125,2023/3/15 22:11,717.717,26.789,45.161,0
1126,2023/3/15 22:16,701.414,26.832,45.052,2
1127,2023/3/15 22:21,687.122,26.717,45.024,0
1128,2023/3/15 22:26,692.119,26.859,45.042,0
1129,2023/3/15 22:31,697.811,26.658,44.955,0
1130,2023/3/15 22:36,691.67,26.845,44.775,0
1131,2023/3/15 22:41,685.065,26.618,44.58,0
1132,2023/3/15 22:46,681.288,26.789,44.313,0
1133,2023/3/15 22:51,678.479,26.688,44.336,0
1134,2023/3/15 22:56,677.86,26.645,44.244,0
1135,2023/3/15 23:01,664.414,26.776,44.232,0
1136,2023/3/15 23:06,667.333,26.546,44.296,0
1137,2023/3/15 23:11,667.62,26.789,44.031,2
1138,2023/3/15 23:16,660.326,26.575,44.121,0
1139,2023/3/15 23:21,663.173,26.832,44.125,0
1140,2023/3/15 23:26,655.175,26.602,43.687,0
1141,2023/3/15 23:31,640.071,26.717,43.326,0
1142,2023/3/15 23:36,622.987,26.688,43.17,0
1143,2023/3/15 23:41,600.1,26.562,43.253,0
1144,2023/3/15 23:46,602.848,26.73,43.175,0
1145,2023/3/15 23:51,610.856,26.533,43.279,0
1146,2023/3/15 23:56,615.737,26.717,42.94,0
1147,2023/3/16 0:01,626.937,26.589,43.132,0
1148,2023/3/16 0:07,636.293,26.658,43.224,1
1149,2023/3/16 0:12,645.64,26.701,43.285,1
1150,2023/3/16 0:17,645.098,26.562,42.908,0
1151,2023/3/16 0:22,630.185,26.717,42.662,0
1152,2023/3/16 0:27,612.369,26.533,42.708,0
1153,2023/3/16 0:32,608.626,26.562,42.798,0
1154,2023/3/16 0:37,608.907,26.618,42.789,0
1155,2023/3/16 0:42,611.212,26.49,42.941,0
1156,2023/3/16 0:47,616.39,26.688,42.784,0
1157,2023/3/16 0:52,612.749,26.506,42.473,0
1158,2023/3/16 0:57,617.498,26.701,42.633,0
1159,2023/3/16 1:02,635.029,26.575,42.757,0
1160,2023/3/16 1:07,650.51,26.575,42.964,0
1161,2023/3/16 1:12,660.937,26.717,42.896,0
1162,2023/3/16 1:17,662.38,26.506,42.941,0
1163,2023/3/16 1:22,658.545,26.76,42.557,0
1164,2023/3/16 1:27,654.808,26.658,42.697,0
1165,2023/3/16 1:32,640.598,26.575,42.589,0
1166,2023/3/16 1:37,639.579,26.632,42.624,0
1167,2023/3/16 1:42,630.633,26.506,42.596,0
1168,2023/3/16 1:47,629.826,26.658,42.308,8
1169,2023/3/16 1:52,633.511,26.447,42.784,3
1170,2023/3/16 1:57,647.296,26.688,42.548,0
1171,2023/3/16 2:02,658.456,26.477,42.592,4
1172,2023/3/16 2:07,661.898,26.602,42.331,0
1173,2023/3/16 2:12,639.944,26.632,42.168,1
1174,2023/3/16 2:17,640.2,26.434,42.2,0
1175,2023/3/16 2:22,632.47,26.632,41.988,4
1176,2023/3/16 2:27,622.254,26.546,42.006,0
1177,2023/3/16 2:32,626.546,26.589,42.024,0
1178,2023/3/16 2:37,629.433,26.674,42.047,1
1179,2023/3/16 2:42,623.509,26.434,42.006,0
1180,2023/3/16 2:47,616.652,26.602,41.705,0
1181,2023/3/16 2:52,596.421,26.546,41.701,0
1182,2023/3/16 2:57,581.606,26.49,41.792,0
1183,2023/3/16 3:02,581.903,26.658,41.852,1
1184,2023/3/16 3:07,588.196,26.335,41.747,0
1185,2023/3/16 3:12,582.549,26.533,41.589,0
1186,2023/3/16 3:17,582.56,26.519,41.6,0
1187,2023/3/16 3:22,588.352,26.378,41.919,1
1188,2023/3/16 3:27,593.586,26.602,41.678,0
1189,2023/3/16 3:32,573.978,26.365,41.499,0
1190,2023/3/16 3:37,571.162,26.378,41.376,0
1191,2023/3/16 3:42,565.603,26.477,41.582,0
1192,2023/3/16 3:47,578.203,26.295,41.603,0
1193,2023/3/16 3:52,587.837,26.562,41.273,1
1194,2023/3/16 3:58,587.336,26.49,41.527,0
1195,2023/3/16 4:03,585.12,26.378,41.434,0
1196,2023/3/16 4:05,585.286,26.447,41.219,0
1197,2023/3/16 4:10,589.983,26.546,41.315,0
1198,2023/3/16 4:15,591.208,26.308,41.287,1
1199,2023/3/16 4:20,591.523,26.533,41.118,0
1200,2023/3/16 4:25,589.335,26.365,41.1,0
1201,2023/3/16 4:30,586.989,26.447,41.109,0
1202,2023/3/16 4:33,591.408,26.589,41.081,0
1203,2023/3/16 4:38,600.099,26.447,41.193,2
1204,2023/3/16 4:43,599.959,26.519,41.129,0
1205,2023/3/16 4:48,601.127,26.589,41.275,3
1206,2023/3/16 4:53,604.396,26.378,41.156,0
1207,2023/3/16 4:58,601.596,26.546,40.619,0
1208,2023/3/16 5:03,591.419,26.407,40.465,0
1209,2023/3/16 5:08,579.661,26.378,40.685,0
1210,2023/3/16 5:13,575.454,26.546,40.771,1
1211,2023/3/16 5:18,577.573,26.252,40.712,0
1212,2023/3/16 5:23,571.856,26.391,40.424,0
1213,2023/3/16 5:28,561.523,26.266,40.52,0
1214,2023/3/16 5:33,557.134,26.295,40.744,3
1215,2023/3/16 5:38,557.509,26.49,40.614,0
1216,2023/3/16 5:43,567.722,26.295,40.619,0
1217,2023/3/16 5:48,574.403,26.407,40.674,0
1218,2023/3/16 5:54,582.72,26.506,40.712,0
1219,2023/3/16 5:59,588.173,26.252,40.935,0
1220,2023/3/16 6:04,582.089,26.378,40.698,0
1221,2023/3/16 6:09,584.739,26.49,40.726,0
1222,2023/3/16 6:14,580.864,26.295,40.662,0
1223,2023/3/16 6:19,575.87,26.533,40.355,0
1224,2023/3/16 6:24,578.56,26.506,40.408,0
1225,2023/3/16 6:29,572.881,26.351,40.419,0
1226,2023/3/16 6:34,564.244,26.519,40.273,1
1227,2023/3/16 6:39,564.32,26.365,40.559,0
1228,2023/3/16 6:44,563.453,26.447,40.514,0
1229,2023/3/16 6:49,568.663,26.602,40.211,0
1230,2023/3/16 6:54,597.299,26.546,40.648,1
1231,2023/3/16 6:59,591.107,26.335,40.514,0
1232,2023/3/16 7:04,583.788,26.546,40.303,0
1233,2023/3/16 7:09,566.526,26.421,40.152,0
1234,2023/3/16 7:14,574.616,26.335,40.28,0
1235,2023/3/16 7:19,579.495,26.546,40.152,0
1236,2023/3/16 7:24,586.997,26.322,40.305,0
1237,2023/3/16 7:29,597.649,26.391,40.424,0
1238,2023/3/16 7:34,601.203,26.533,40.44,0
1239,2023/3/16 7:39,605.343,26.308,40.387,0
1240,2023/3/16 7:44,609.904,26.421,40.204,0
1241,2023/3/16 7:50,609.672,26.546,40.385,0
1242,2023/3/16 7:55,614.183,26.279,40.396,0
1243,2023/3/16 8:00,616.681,26.506,40.161,0
1244,2023/3/16 8:05,605.4,26.506,40.076,0
1245,2023/3/16 8:10,591.688,26.266,40.216,1
1246,2023/3/16 8:15,593.11,26.434,40.067,0
1247,2023/3/16 8:20,599.889,26.49,40.17,0
1248,2023/3/16 8:25,610.759,26.236,40.268,0
1249,2023/3/16 8:30,621.168,26.447,40.083,0
1250,2023/3/16 8:35,631.64,26.391,40.23,0
1251,2023/3/16 8:40,630.731,26.279,40.147,1
1252,2023/3/16 8:45,632.725,26.477,39.992,1
1253,2023/3/16 8:50,682.486,26.434,40.373,0
1254,2023/3/16 8:55,671.44,26.266,40.257,0
1255,2023/3/16 9:00,676.038,26.575,39.96,1
1256,2023/3/16 9:05,676.437,26.365,40.24,1
1257,2023/3/16 9:10,681.161,26.477,40.488,2
1258,2023/3/16 9:15,690.946,26.407,40.355,0
1259,2023/3/16 9:20,701.004,26.49,40.488,11
1260,2023/3/16 9:25,697.456,26.533,40.44,8
1261,2023/3/16 9:30,696.471,26.391,40.63,0
1262,2023/3/16 9:35,700.417,26.602,40.363,2
1263,2023/3/16 9:40,704.477,26.463,40.459,5
1264,2023/3/16 9:45,697.97,26.421,40.552,10
1265,2023/3/16 9:50,699.949,26.546,40.579,1
1266,2023/3/16 9:55,703.493,26.351,40.82,0
1267,2023/3/16 10:00,706.791,26.602,40.46,0
1268,2023/3/16 10:05,707.426,26.575,40.651,1
1269,2023/3/16 10:10,706.17,26.477,40.752,1
1270,2023/3/16 10:15,704.232,26.602,40.543,0
1271,2023/3/16 10:20,704.822,26.365,40.642,2
1272,2023/3/16 10:25,701.729,26.575,40.387,1
1273,2023/3/16 10:30,705.424,26.477,40.543,5
1274,2023/3/16 10:35,707.135,26.463,40.556,4
1275,2023/3/16 10:40,701.255,26.632,40.395,4
1276,2023/3/16 10:45,699.985,26.434,40.565,1
1277,2023/3/16 10:50,695.27,26.658,40.369,3
1278,2023/3/16 10:55,681.732,26.49,40.198,0
1279,2023/3/16 11:00,673.534,26.546,40.245,0
1280,2023/3/16 11:05,684.07,26.658,40.273,3
1281,2023/3/16 11:10,665.169,26.407,40.135,3
1282,2023/3/16 11:15,667.373,26.618,40.102,2
1283,2023/3/16 11:20,671.521,26.434,40.111,1
1284,2023/3/16 11:25,670.585,26.602,39.975,1
1285,2023/3/16 11:30,675.387,26.49,40.213,9
1286,2023/3/16 11:35,671.126,26.463,40.157,1
1287,2023/3/16 11:40,668.724,26.602,40.03,0
1288,2023/3/16 11:45,670.233,26.407,40.079,0
1289,2023/3/16 11:50,644.123,26.618,39.769,0
1290,2023/3/16 11:56,629.293,26.407,39.787,0
1291,2023/3/16 12:01,632.31,26.519,39.705,3
1292,2023/3/16 12:06,606.013,26.365,39.314,1
1293,2023/3/16 12:11,596.362,26.506,39.937,0
1294,2023/3/16 12:16,610.306,26.632,39.966,0
1295,2023/3/16 12:21,618.37,26.391,40.369,0
1296,2023/3/16 12:26,629.271,26.575,40.154,0
1297,2023/3/16 12:31,650.028,26.421,40.135,0
1298,2023/3/16 12:36,650.363,26.447,39.874,0
1299,2023/3/16 12:41,640.669,26.645,39.648,0
1300,2023/3/16 12:46,640.421,26.391,39.577,0
1301,2023/3/16 12:51,640.338,26.575,39.378,0
1302,2023/3/16 12:56,643.695,26.602,39.503,0
1303,2023/3/16 13:01,642.082,26.391,39.247,0
1304,2023/3/16 13:06,641.899,26.575,39.293,0
1305,2023/3/16 13:11,645.238,26.365,39.297,0
1306,2023/3/16 13:16,649.859,26.575,38.907,0
1307,2023/3/16 13:21,664.398,26.506,39.259,0
1308,2023/3/16 13:26,701.045,26.506,39.246,0
1309,2023/3/16 13:31,723.983,26.421,39.195,0
1310,2023/3/16 13:36,736.62,26.546,39.165,0
1311,2023/3/16 13:41,743.747,26.49,39.215,0
1312,2023/3/16 13:46,748.8,26.533,39.36,0
1313,2023/3/16 13:51,746.4,26.434,39.154,0
1314,2023/3/16 13:56,747.247,26.49,39.41,3
1315,2023/3/16 14:01,762.226,26.546,39.417,1
1316,2023/3/16 14:06,764.229,26.391,39.384,0
1317,2023/3/16 14:11,760.389,26.589,39.227,1
1318,2023/3/16 14:16,745.068,26.365,39.05,1
1319,2023/3/16 14:21,728.838,26.618,38.661,0
1320,2023/3/16 14:26,713.716,26.533,38.844,0
1321,2023/3/16 14:31,705.867,26.519,38.957,2
1322,2023/3/16 14:36,704.737,26.546,39.069,3
1323,2023/3/16 14:42,705.018,26.546,38.959,0
1324,2023/3/16 14:47,706.168,26.632,38.831,0
1325,2023/3/16 14:51,698.331,26.391,38.957,0
1326,2023/3/16 14:56,696.16,26.618,38.689,0
1327,2023/3/16 15:01,704.45,26.49,39.064,9
1328,2023/3/16 15:06,694.961,26.506,38.538,0
1329,2023/3/16 15:11,599.761,26.391,38.083,0
1330,2023/3/16 15:16,544.043,26.322,38.075,0
1331,2023/3/16 15:21,478.13,26.519,37.918,0
1332,2023/3/16 15:26,447.633,26.308,37.703,0
1333,2023/3/16 15:31,436.769,26.447,37.593,0
1334,2023/3/16 15:36,426.47,26.533,37.531,0
1335,2023/3/16 15:41,424.854,26.266,37.589,0
1336,2023/3/16 15:45,417.736,26.308,37.341,0
1337,2023/3/16 15:50,410.422,26.434,37.604,0
1338,2023/3/16 15:55,402.873,26.21,37.346,0
1339,2023/3/16 16:00,398.381,26.266,37.323,0
1340,2023/3/16 16:05,390.24,26.279,37.23,0
1341,2023/3/16 16:10,384.395,26.081,37.404,0
1342,2023/3/16 16:15,383.418,26.308,37.094,0
1343,2023/3/16 16:19,378.919,26.335,37.039,0
1344,2023/3/16 16:24,377.816,26.108,37.102,0
1345,2023/3/16 16:29,371.776,26.122,36.841,0
1346,2023/3/16 16:34,371.014,26.138,36.604,0
1347,2023/3/16 16:39,369.514,26.266,36.424,0
1348,2023/3/16 16:44,371.897,26.279,36.621,0
1349,2023/3/16 16:49,368.554,25.996,36.618,0
1350,2023/3/16 16:54,366.426,26.065,36.337,0
1351,2023/3/16 16:59,365.354,26.196,36.252,0
1352,2023/3/16 17:04,364.345,25.996,36.371,0
1353,2023/3/16 17:09,368.812,26.052,36.53,0
1354,2023/3/16 17:14,372.373,26.266,36.301,0
1355,2023/3/16 17:19,368.444,26.196,36.279,0
1356,2023/3/16 17:24,368.125,25.953,36.435,0
1357,2023/3/16 17:29,367.29,26.196,36.32,0
1358,2023/3/16 17:34,370.48,26.138,36.591,0
1359,2023/3/16 17:39,374.765,26.052,36.943,0
1360,2023/3/16 17:44,377.295,26.295,36.829,0
1361,2023/3/16 17:49,380.838,26.039,36.568,0
1362,2023/3/16 17:54,379.455,25.94,36.462,2
1363,2023/3/16 17:59,408.625,26.154,37.048,0
1364,2023/3/16 18:04,542.025,25.996,38.071,0
1365,2023/3/16 18:09,581.926,26.167,37.796,0
1366,2023/3/16 18:14,602.466,26.335,37.552,0
1367,2023/3/16 18:19,607.855,26.154,37.7,0
1368,2023/3/16 18:24,656.972,26.236,37.79,0
1369,2023/3/16 18:29,664.881,26.421,37.685,0
1370,2023/3/16 18:34,684.432,26.21,38.01,0
1371,2023/3/16 18:39,697.426,26.421,37.81,0
1372,2023/3/16 18:44,704.682,26.434,37.782,0
1373,2023/3/16 18:49,754.769,26.21,38.106,0
1374,2023/3/16 18:54,771.066,26.421,38.295,2
1375,2023/3/16 18:59,800.717,26.378,38.568,1
1376,2023/3/16 19:04,797.813,26.335,38.605,0
1377,2023/3/16 19:10,799.732,26.546,38.336,0
1378,2023/3/16 19:15,798.821,26.308,38.422,0
1379,2023/3/16 19:20,790.545,26.463,38.203,0
1380,2023/3/16 19:25,786.396,26.533,38.293,2
1381,2023/3/16 19:30,789.077,26.365,38.289,0
1382,2023/3/16 19:35,789.437,26.632,38.055,4
1383,2023/3/16 19:40,768.433,26.589,38.147,0
1384,2023/3/16 19:45,707.917,26.391,38.249,1
1385,2023/3/16 19:50,715.66,26.632,38.025,0
1386,2023/3/16 19:55,727.403,26.407,38.239,0
1387,2023/3/16 20:00,724.172,26.477,38.039,0
1388,2023/3/16 20:05,728.273,26.477,37.914,0
1389,2023/3/16 20:10,728.016,26.378,38.194,0
1390,2023/3/16 20:15,731.34,26.645,37.764,0
1391,2023/3/16 20:20,739.587,26.533,37.849,0
1392,2023/3/16 20:25,739.725,26.477,37.996,0
1393,2023/3/16 20:30,739.292,26.632,37.735,0
1394,2023/3/16 20:35,746.762,26.463,37.856,0
1395,2023/3/16 20:40,749.542,26.477,38.092,0
1396,2023/3/16 20:45,750.913,26.575,37.95,0
1397,2023/3/16 20:50,748.237,26.335,38.19,0
1398,2023/3/16 20:55,743.411,26.575,37.84,0
1399,2023/3/16 21:00,744.861,26.519,38.057,0
1400,2023/3/16 21:05,753.999,26.463,38.271,0
1401,2023/3/16 21:10,762.99,26.688,37.865,0
1402,2023/3/16 21:15,764.539,26.506,37.929,0
1403,2023/3/16 21:20,763.758,26.49,38.107,0
1404,2023/3/16 21:25,769.102,26.701,37.938,0
1405,2023/3/16 21:30,772.577,26.477,38.092,0
1406,2023/3/16 21:35,780.962,26.506,38.08,0
1407,2023/3/16 21:40,777.369,26.717,37.964,0
1408,2023/3/16 21:45,770.72,26.49,37.915,0
1409,2023/3/16 21:50,762.289,26.519,37.819,0
1410,2023/3/16 21:55,738.709,26.688,37.657,0
1411,2023/3/16 22:00,738.374,26.49,37.625,0
1412,2023/3/16 22:05,726.114,26.49,37.567,0
1413,2023/3/16 22:10,716.581,26.674,37.395,0
1414,2023/3/16 22:15,711.439,26.391,37.436,0
1415,2023/3/16 22:20,706.618,26.533,37.364,0
1416,2023/3/16 22:25,712.664,26.49,37.346,0
1417,2023/3/16 22:29,717.123,26.447,37.482,0
1418,2023/3/16 22:34,721.49,26.688,37.244,0
1419,2023/3/16 22:39,724.107,26.407,37.285,0
1420,2023/3/16 22:44,731.06,26.463,37.248,0
1421,2023/3/16 22:49,725.975,26.519,37.268,0
1422,2023/3/16 22:54,730.276,26.335,37.401,0
1423,2023/3/16 22:59,730.96,26.575,37.065,0
1424,2023/3/16 23:04,746.136,26.391,37.309,0
1425,2023/3/16 23:09,752.029,26.506,37.46,0
1426,2023/3/16 23:14,767.843,26.73,37.399,0
1427,2023/3/16 23:19,779.544,26.463,37.579,0
1428,2023/3/16 23:24,779.28,26.575,37.576,0
1429,2023/3/16 23:29,783.158,26.688,37.534,0
1430,2023/3/16 23:34,791.312,26.463,37.869,0
1431,2023/3/16 23:39,805.838,26.658,37.805,0
1432,2023/3/16 23:44,819.212,26.717,37.744,0
1433,2023/3/16 23:48,828.24,26.49,37.859,0
1434,2023/3/16 23:53,829.753,26.717,37.659,0
1435,2023/3/16 23:58,850.447,26.546,37.741,0
1436,2023/3/17 0:03,844.911,26.589,37.799,0
1437,2023/3/17 0:08,848.424,26.701,37.727,0
1438,2023/3/17 0:15,849.819,26.533,38.002,0
1439,2023/3/17 0:20,840.906,26.832,37.479,0
1440,2023/3/17 0:25,828.636,26.717,37.535,0
1441,2023/3/17 0:30,810.148,26.589,37.456,0
1442,2023/3/17 0:35,803.719,26.674,37.436,0
1443,2023/3/17 0:40,801.055,26.477,37.749,2
1444,2023/3/17 0:45,795.373,26.589,37.535,9
1445,2023/3/17 0:50,805.479,26.421,38.142,4
1446,2023/3/17 0:54,819.691,26.674,37.753,0
1447,2023/3/17 0:59,839.07,26.717,37.883,2
1448,2023/3/17 1:04,851.807,26.477,37.996,0
1449,2023/3/17 1:09,858.462,26.701,37.785,0
1450,2023/3/17 1:14,864.626,26.533,38.016,3
1451,2023/3/17 1:19,868.349,26.632,38.025,2
1452,2023/3/17 1:24,872.126,26.602,38.092,0
1453,2023/3/17 1:29,869.135,26.533,38.184,1
1454,2023/3/17 1:34,879.039,26.688,38.046,1
1455,2023/3/17 1:39,881.294,26.506,38.261,0
1456,2023/3/17 1:44,876.55,26.717,37.964,2
1457,2023/3/17 1:49,877.241,26.602,38.037,2
1458,2023/3/17 1:54,874.191,26.562,38.142,2
1459,2023/3/17 1:59,869.081,26.76,37.901,0
1460,2023/3/17 2:04,861.527,26.506,38.028,0
1461,2023/3/17 2:09,858.146,26.618,37.872,0
1462,2023/3/17 2:14,846.655,26.49,37.941,0
1463,2023/3/17 2:19,836.443,26.589,37.924,0
1464,2023/3/17 2:24,826.288,26.744,37.718,0
1465,2023/3/17 2:29,819.946,26.447,37.923,0
1466,2023/3/17 2:34,809.576,26.658,37.805,0
1467,2023/3/17 2:39,808.97,26.49,37.79,0
1468,2023/3/17 2:44,804.544,26.575,37.868,0
1469,2023/3/17 2:49,806.628,26.49,37.901,0
1470,2023/3/17 2:54,804.87,26.463,37.965,0
1471,2023/3/17 2:59,809.698,26.701,37.823,0
1472,2023/3/17 3:04,802.086,26.463,37.9,0
1473,2023/3/17 3:09,795.815,26.658,37.805,0
1474,2023/3/17 3:14,788.208,26.589,37.842,0
1475,2023/3/17 3:19,787.658,26.562,37.895,0
1476,2023/3/17 3:23,787.902,26.717,37.787,0
1477,2023/3/17 3:28,787.865,26.463,37.856,0
1478,2023/3/17 3:33,787.98,26.674,37.836,5
1479,2023/3/17 3:38,791.21,26.73,37.746,3
1480,2023/3/17 3:43,794.992,26.533,38.029,1
1481,2023/3/17 3:48,793.438,26.73,37.813,3
1482,2023/3/17 3:53,795.091,26.506,38.014,0
1483,2023/3/17 3:58,794.861,26.658,37.849,0
1484,2023/3/17 4:03,788.569,26.49,37.872,0
1485,2023/3/17 4:08,779.094,26.602,37.814,0
1486,2023/3/17 4:13,783.277,26.645,37.819,0
1487,2023/3/17 4:18,778.099,26.546,37.947,0
1488,2023/3/17 4:23,773.615,26.73,37.689,2
1489,2023/3/17 4:28,783.093,26.519,38,0
1490,2023/3/17 4:33,795.896,26.618,38.039,0
1491,2023/3/17 4:38,793.289,26.645,37.956,0
1492,2023/3/17 4:43,794.725,26.477,38.148,0
1493,2023/3/17 4:49,801.508,26.688,38.033,0
1494,2023/3/17 4:54,797.776,26.477,38.231,0
1495,2023/3/17 4:59,793.003,26.701,38.062,2
1496,2023/3/17 5:04,788.462,26.506,38.234,0
1497,2023/3/17 5:09,785.709,26.602,38.161,0
1498,2023/3/17 5:14,776.181,26.717,38.103,0
1499,2023/3/17 5:19,768.546,26.519,38.181,0
1500,2023/3/17 5:24,769.187,26.632,38.206,2
1501,2023/3/17 5:29,767.447,26.447,38.368,0
1502,2023/3/17 5:34,770.053,26.717,38.078,0
1503,2023/3/17 5:39,765.237,26.658,38.208,1
1504,2023/3/17 5:44,764.025,26.519,38.4,0
1505,2023/3/17 5:49,764.184,26.744,38.234,3
1506,2023/3/17 5:54,772.111,26.533,38.57,0
1507,2023/3/17 5:59,761.692,26.632,38.496,1
1508,2023/3/17 6:04,755.565,26.562,38.628,0
1509,2023/3/17 6:09,757.02,26.575,38.684,2
1510,2023/3/17 6:15,757.161,26.658,38.542,0
1511,2023/3/17 6:20,762.543,26.447,38.921,1
1512,2023/3/17 6:25,770.365,26.632,38.788,1
1513,2023/3/17 6:30,772.311,26.434,38.972,0
1514,2023/3/17 6:35,768.393,26.674,38.628,1
1515,2023/3/17 6:40,767.416,26.701,38.615,1
1516,2023/3/17 6:45,739.294,26.519,38.885,1
1517,2023/3/17 6:50,728.432,26.76,38.678,0
1518,2023/3/17 6:55,719.926,26.618,38.757,0
1519,2023/3/17 7:00,726.599,26.533,38.889,0
1520,2023/3/17 7:05,722.045,26.717,38.632,0
1521,2023/3/17 7:10,721.599,26.519,38.858,0
1522,2023/3/17 7:15,722.388,26.701,38.684,1
1523,2023/3/17 7:20,698.748,26.49,38.774,0
1524,2023/3/17 7:25,678.962,26.575,38.893,1
1525,2023/3/17 7:30,679.494,26.674,38.835,0
1526,2023/3/17 7:35,689.301,26.49,39.131,0
1527,2023/3/17 7:40,691.886,26.73,38.895,0
1528,2023/3/17 7:45,696.959,26.546,39.027,0
1529,2023/3/17 7:50,702.971,26.562,39.14,0
1530,2023/3/17 7:55,703.375,26.632,38.994,0
1531,2023/3/17 8:00,703.457,26.533,39.264,1
1532,2023/3/17 8:05,712.47,26.744,39.159,0
1533,2023/3/17 8:10,713.559,26.49,39.479,0
1534,2023/3/17 8:15,730.903,26.688,39.417,0
1535,2023/3/17 8:21,734.272,26.575,39.474,0
1536,2023/3/17 8:26,748.093,26.589,39.627,0
1537,2023/3/17 8:31,761.565,26.73,39.449,3
1538,2023/3/17 8:36,780.174,26.519,40.01,11
1539,2023/3/17 8:41,796.17,26.589,40.446,9
1540,2023/3/17 8:46,794.285,26.658,40.646,19
1541,2023/3/17 8:51,791.67,26.477,40.625,8
1542,2023/3/17 8:56,674.198,26.632,39.645,0
1543,2023/3/17 9:01,571.893,26.506,39.122,0
1544,2023/3/17 9:06,519.513,26.21,38.95,0
1545,2023/3/17 9:11,443.445,26.266,38.583,0
1546,2023/3/17 9:16,428.606,26.463,38.396,0
1547,2023/3/17 9:21,420.404,26.266,38.501,0
1548,2023/3/17 9:26,411.428,26.295,38.6,0
1549,2023/3/17 9:31,407.793,26.322,38.354,0
1550,2023/3/17 9:36,406.938,26.279,38.528,0
1551,2023/3/17 9:42,404.759,25.94,38.715,0
1552,2023/3/17 9:46,397.925,25.967,38.647,0
1553,2023/3/17 9:51,395.561,25.953,38.785,0
1554,2023/3/17 9:56,393.422,26.122,38.705,0
1555,2023/3/17 10:01,390.671,26.322,38.519,0
1556,2023/3/17 10:06,388.679,26.378,38.596,0
1557,2023/3/17 10:11,383.376,26.122,38.817,0
1558,2023/3/17 10:16,383.613,26.223,38.911,0
1559,2023/3/17 10:21,382.114,26.322,38.824,0
1560,2023/3/17 10:26,381.614,26.434,38.78,0
1561,2023/3/17 10:31,382.545,26.506,38.747,0
1562,2023/3/17 10:36,378.131,26.196,39.101,0
1563,2023/3/17 10:41,382.861,26.21,39.325,0
1564,2023/3/17 10:46,381.071,26.378,39.177,0
1565,2023/3/17 10:51,381.754,26.49,39.078,0
1566,2023/3/17 10:56,383.315,26.122,39.687,3
1567,2023/3/17 11:01,414.971,26.196,41.174,0
1568,2023/3/17 11:06,546.933,26.463,40.913,0
1569,2023/3/17 11:11,578.553,26.223,41.966,0
1570,2023/3/17 11:16,658.137,26.49,42.497,0
1571,2023/3/17 11:22,695.362,26.546,42.31,0
1572,2023/3/17 11:27,755.389,26.335,43.228,1
1573,2023/3/17 11:32,737.822,26.519,42.418,0
1574,2023/3/17 11:37,737.984,26.308,42.891,1
1575,2023/3/17 11:42,747.1,26.447,42.867,2
1576,2023/3/17 11:47,759.469,26.49,42.703,2
1577,2023/3/17 11:52,786.147,26.365,42.969,5
1578,2023/3/17 11:57,801.598,26.562,42.436,1
1579,2023/3/17 12:02,810.61,26.351,42.94,2
1580,2023/3/17 12:07,813.858,26.477,42.592,1
1581,2023/3/17 12:12,820.523,26.378,43.188,2
1582,2023/3/17 12:17,828.366,26.49,42.717,0
1583,2023/3/17 12:22,830.21,26.335,42.964,0
1584,2023/3/17 12:27,833.78,26.575,42.633,1
1585,2023/3/17 12:32,835.177,26.378,43.134,1
1586,2023/3/17 12:37,827.049,26.519,42.708,0
1587,2023/3/17 12:42,821.897,26.351,43.05,0
1588,2023/3/17 12:47,808.955,26.602,42.693,0
1589,2023/3/17 12:52,807.032,26.407,43.097,2
1590,2023/3/17 12:57,813.662,26.562,43.031,0
1591,2023/3/17 13:02,815.635,26.562,43.088,2
1592,2023/3/17 13:07,824.2,26.546,43.362,1
1593,2023/3/17 13:12,833.066,26.658,43.018,2
1594,2023/3/17 13:17,841.306,26.463,43.436,1
1595,2023/3/17 13:22,837.055,26.589,43.077,0
1596,2023/3/17 13:28,839.296,26.434,43.53,4
1597,2023/3/17 13:33,841.762,26.562,43.115,0
1598,2023/3/17 13:38,830.404,26.365,43.34,0
1599,2023/3/17 13:43,813.055,26.575,42.964,0
1600,2023/3/17 13:48,800.192,26.434,43.086,0
1601,2023/3/17 13:53,793.195,26.506,43.219,0
1602,2023/3/17 13:58,784.721,26.434,42.935,0
1603,2023/3/17 14:03,769.502,26.447,43.184,0
1604,2023/3/17 14:08,748.955,26.506,42.914,0
1605,2023/3/17 14:13,740.132,26.407,43.137,0
1606,2023/3/17 14:18,734.192,26.49,42.899,0
1607,2023/3/17 14:23,722.39,26.378,43.095,0
1608,2023/3/17 14:28,709.276,26.575,42.827,0
1609,2023/3/17 14:33,704.774,26.378,43.161,0
1610,2023/3/17 14:38,706.806,26.506,42.9,0
1611,2023/3/17 14:43,697.681,26.365,43.106,0
1612,2023/3/17 14:48,680.459,26.562,42.839,0
1613,2023/3/17 14:53,675.642,26.365,43.092,0
1614,2023/3/17 14:58,666.043,26.575,42.52,0
1615,2023/3/17 15:03,654.234,26.519,42.555,0
1616,2023/3/17 15:08,636.913,26.421,42.697,0
1617,2023/3/17 15:13,633.454,26.562,42.534,0
1618,2023/3/17 15:18,615.118,26.335,42.661,0
1619,2023/3/17 15:23,598.743,26.49,42.387,2
1620,2023/3/17 15:29,604.066,26.295,42.584,0
1621,2023/3/17 15:34,615.852,26.49,42.249,0
1622,2023/3/17 15:39,628.836,26.391,42.332,0
1623,2023/3/17 15:44,633.428,26.407,42.404,0
1624,2023/3/17 15:49,642.15,26.463,42.232,0
1625,2023/3/17 15:54,640.029,26.322,42.326,0
1626,2023/3/17 15:59,627.671,26.447,41.745,0
1627,2023/3/17 16:04,618.635,26.295,42.171,0
1628,2023/3/17 16:09,612.694,26.365,41.916,0
1629,2023/3/17 16:14,606.074,26.223,41.983,0
1630,2023/3/17 16:19,593.885,26.421,41.728,3
1631,2023/3/17 16:24,588.953,26.196,41.911,0
1632,2023/3/17 16:29,584.227,26.252,41.777,0
1633,2023/3/17 16:34,572.801,26.434,41.481,0
1634,2023/3/17 16:39,553.641,26.18,41.521,0
1635,2023/3/17 16:44,545.458,26.236,41.626,0
1636,2023/3/17 16:49,543.373,26.434,41.328,0
1637,2023/3/17 16:54,543.578,26.154,41.754,0
1638,2023/3/17 16:59,552.298,26.378,41.653,0
1639,2023/3/17 17:04,558.259,26.351,41.678,0
1640,2023/3/17 17:09,572.721,26.266,41.792,0
1641,2023/3/17 17:14,562.192,26.335,41.47,0
1642,2023/3/17 17:19,550.295,26.095,41.733,0
1643,2023/3/17 17:24,547.731,26.365,41.431,0
1644,2023/3/17 17:29,551.663,26.196,41.479,0
1645,2023/3/17 17:34,547.067,26.154,41.475,0
1646,2023/3/17 17:39,538.483,26.365,41.182,0
1647,2023/3/17 17:44,537.282,26.196,41.287,0
1648,2023/3/17 17:50,533.895,26.21,41.328,0
1649,2023/3/17 17:55,533.229,26.295,40.939,0
1650,2023/3/17 18:00,526.115,26.052,41.257,0
1651,2023/3/17 18:05,524,26.266,40.868,0
1652,2023/3/17 18:10,523.354,26.095,41.054,0
1653,2023/3/17 18:15,526.29,26.236,41.127,0
1654,2023/3/17 18:20,541.692,26.252,40.781,0
1655,2023/3/17 18:25,550.705,26.167,40.994,0
1656,2023/3/17 18:30,550.781,26.378,40.588,0
1657,2023/3/17 18:35,556.068,26.519,40.533,0
1658,2023/3/17 18:40,567.14,26.252,40.739,0
1659,2023/3/17 18:45,571.268,26.421,40.482,0
1660,2023/3/17 18:50,572.979,26.223,40.652,0
1661,2023/3/17 18:55,573.013,26.335,40.543,0
1662,2023/3/17 19:00,572.342,26.506,40.367,0
1663,2023/3/17 19:05,574.186,26.266,40.616,0
1664,2023/3/17 19:10,584.857,26.421,40.648,0
1665,2023/3/17 19:15,586.243,26.506,40.34,0
1666,2023/3/17 19:20,587.415,26.21,40.623,0
1667,2023/3/17 19:25,592.102,26.322,40.387,6
1668,2023/3/17 19:30,499.896,26.009,39.47,0
1669,2023/3/17 19:35,461.729,25.756,39.813,1
1670,2023/3/17 19:40,507.625,26.108,40.143,0
1671,2023/3/17 19:45,544.421,26.295,40.138,0
1672,2023/3/17 19:50,586.308,26.023,40.204,0
1673,2023/3/17 19:55,602.071,26.052,40.056,0
1674,2023/3/17 20:00,634.022,26.351,39.978,0
1675,2023/3/17 20:05,640.252,26.421,39.818,0
1676,2023/3/17 20:11,652.17,26.122,40.244,0
1677,2023/3/17 20:16,670.182,26.335,40.195,0
1678,2023/3/17 20:21,679.661,26.295,39.929,0
1679,2023/3/17 20:26,687.668,26.21,40.404,0
1680,2023/3/17 20:31,691.123,26.506,39.993,0
1681,2023/3/17 20:36,688.299,26.236,40.047,0
1682,2023/3/17 20:41,684.724,26.279,39.703,0
1683,2023/3/17 20:46,672.84,26.477,39.658,0
1684,2023/3/17 20:51,669.376,26.533,39.58,0
1685,2023/3/17 20:56,670.522,26.295,39.719,0
1686,2023/3/17 21:01,663.54,26.434,39.43,0
1687,2023/3/17 21:06,655.778,26.407,39.429,0
1688,2023/3/17 21:11,652.826,26.18,39.584,1
1689,2023/3/17 21:16,650.422,26.434,39.458,0
1690,2023/3/17 21:21,649.045,26.533,39.136,1
1691,2023/3/17 21:26,628.814,26.447,38.739,1
1692,2023/3/17 21:31,651.277,26.223,39.117,1
1693,2023/3/17 21:36,647.597,26.365,38.898,0
1694,2023/3/17 21:41,647.972,26.506,38.692,2
1695,2023/3/17 21:46,647.508,26.236,38.927,1
1696,2023/3/17 21:51,652.147,26.351,39.105,1
1697,2023/3/17 21:56,655.915,26.463,38.701,0
1698,2023/3/17 22:01,662.99,26.18,39.169,1
1699,2023/3/17 22:06,664.682,26.308,39.101,0
1700,2023/3/17 22:11,656.643,26.335,38.742,1
1701,2023/3/17 22:16,663.144,26.167,39.017,2
1702,2023/3/17 22:21,659.567,26.351,38.716,1
1703,2023/3/17 22:26,655.044,26.477,38.344,0
1704,2023/3/17 22:32,653.867,26.122,38.721,0
1705,2023/3/17 22:37,627.931,26.18,38.739,0
1706,2023/3/17 22:42,620.929,26.335,38.495,0
1707,2023/3/17 22:47,610.768,26.463,38.161,0
1708,2023/3/17 22:52,603.262,26.533,38.126,1
1709,2023/3/17 22:57,610.377,26.506,38.692,0
1710,2023/3/17 23:02,620.084,26.223,38.344,1
1711,2023/3/17 23:07,623.298,26.365,38.359,0
1712,2023/3/17 23:12,611.416,26.434,37.95,1
1713,2023/3/17 23:17,599.077,26.434,38.326,1
1714,2023/3/17 23:22,589.603,26.167,38.074,0
1715,2023/3/17 23:27,595.637,26.308,38.089,2
1716,2023/3/17 23:32,603.994,26.407,38.06,1
1717,2023/3/17 23:37,608.214,26.138,38.222,2
1718,2023/3/17 23:42,613.657,26.308,38.226,0
1719,2023/3/17 23:47,613.989,26.391,38.472,0
1720,2023/3/17 23:52,611.893,26.122,38.29,0
1721,2023/3/17 23:57,609.073,26.223,38.203,0
1722,2023/3/18 0:02,613.108,26.463,38.051,0
1723,2023/3/18 0:07,618.906,26.335,38.229,0
1724,2023/3/18 0:12,624.899,26.236,38.524,1
1725,2023/3/18 0:17,643.2,26.463,38.147,0
1726,2023/3/18 0:22,633.896,26.252,38.22,1
1727,2023/3/18 0:27,638.933,26.266,38.487,2
1728,2023/3/18 0:32,631.819,26.391,38.181,0
1729,2023/3/18 0:38,634.951,26.351,38.289,0
1730,2023/3/18 0:43,638.429,26.196,38.216,0
1731,2023/3/18 0:48,651.802,26.434,38.144,1
1732,2023/3/18 0:53,643.345,26.407,38.046,3
1733,2023/3/18 0:58,640.455,26.266,38.126,0
1734,2023/3/18 1:03,644.915,26.365,37.75,0
1735,2023/3/18 1:08,640.417,26.421,37.796,0
1736,2023/3/18 1:13,654.995,26.223,38.231,0
1737,2023/3/18 1:18,663.537,26.477,38.023,0
1738,2023/3/18 1:23,672.888,26.279,38.115,0
1739,2023/3/18 1:28,682.59,26.365,37.997,0
1740,2023/3/18 1:33,685.274,26.506,37.846,0
1741,2023/3/18 1:38,687.285,26.674,37.782,0
1742,2023/3/18 1:43,685.648,26.421,37.92,0
1743,2023/3/18 1:48,693.005,26.407,38.016,0
1744,2023/3/18 1:53,689.973,26.519,37.654,0
1745,2023/3/18 1:58,685.465,26.618,37.721,0
1746,2023/3/18 2:03,695.137,26.295,37.906,5
1747,2023/3/18 2:09,715.834,26.391,37.973,1
1748,2023/3/18 2:14,728.214,26.533,37.932,3
1749,2023/3/18 2:19,739.079,26.658,37.805,1
1750,2023/3/18 2:24,759.356,26.407,38.06,1
1751,2023/3/18 2:29,759.93,26.421,38.129,1
1752,2023/3/18 2:34,757.111,26.575,37.924,3
1753,2023/3/18 2:39,753.624,26.717,37.621,1
1754,2023/3/18 2:44,751.78,26.717,37.854,4
1755,2023/3/18 2:49,743.882,26.391,37.805,3
1756,2023/3/18 2:54,720.718,26.562,37.41,0
1757,2023/3/18 2:59,699.196,26.645,37.308,0
1758,2023/3/18 3:04,685.666,26.378,37.556,0
1759,2023/3/18 3:09,683.015,26.407,37.726,1
1760,2023/3/18 3:14,680.225,26.546,37.503,0
1761,2023/3/18 3:19,675,26.602,37.372,0
1762,2023/3/18 3:24,670.176,26.717,37.163,0
1763,2023/3/18 3:29,667.982,26.776,37.085,0
1764,2023/3/18 3:34,665.308,26.546,37.436,0
1765,2023/3/18 3:39,664.417,26.378,37.625,0
1766,2023/3/18 3:44,665.572,26.506,37.267,0
1767,2023/3/18 3:49,657.941,26.632,37.085,0
1768,2023/3/18 3:54,659.992,26.717,37.093,2
1769,2023/3/18 4:00,656.948,26.447,37.386,0
1770,2023/3/18 4:05,668.429,26.49,37.332,0
1771,2023/3/18 4:10,669.374,26.645,37.17,2
1772,2023/3/18 4:15,686.727,26.776,37.294,0
1773,2023/3/18 4:20,689.121,26.546,37.213,2
1774,2023/3/18 4:25,685.401,26.463,37.593,1
1775,2023/3/18 4:30,689.252,26.618,37.373,0
1776,2023/3/18 4:35,691.109,26.434,37.383,0
1777,2023/3/18 4:40,691.366,26.378,37.473,0
1778,2023/3/18 4:45,691.029,26.575,37.216,0
1779,2023/3/18 4:50,689.465,26.658,37.157,0
1780,2023/3/18 4:55,683.419,26.744,36.833,0
1781,2023/3/18 5:00,669.508,26.789,36.755,0
1782,2023/3/18 5:05,658.94,26.477,36.763,0
1783,2023/3/18 5:10,658.818,26.447,37.079,1
1784,2023/3/18 5:15,666.315,26.602,37.111,0
1785,2023/3/18 5:20,675.052,26.701,37.106,1
1786,2023/3/18 5:25,671.918,26.463,37.08,0
1787,2023/3/18 5:30,675.209,26.391,37.061,0
1788,2023/3/18 5:35,673.678,26.562,36.856,0
1789,2023/3/18 5:40,668.107,26.688,36.703,1
1790,2023/3/18 5:45,672.879,26.701,36.842,0
1791,2023/3/18 5:50,672.599,26.365,36.989,0
1792,2023/3/18 5:55,674.022,26.407,36.909,2
1793,2023/3/18 6:00,673.009,26.546,36.755,0
1794,2023/3/18 6:05,662.514,26.589,36.513,0
1795,2023/3/18 6:10,661.25,26.674,36.493,0
1796,2023/3/18 6:16,658.677,26.351,36.836,3
1797,2023/3/18 6:21,662.016,26.378,36.74,0
1798,2023/3/18 6:26,661.542,26.519,36.493,0
1799,2023/3/18 6:31,654.391,26.562,36.316,0
1800,2023/3/18 6:36,652.414,26.575,36.594,0
1801,2023/3/18 6:41,655.701,26.308,36.719,0
1802,2023/3/18 6:46,662.647,26.407,36.536,0
1803,2023/3/18 6:51,652.002,26.477,36.238,0
1804,2023/3/18 6:56,635.862,26.589,36.113,0
1805,2023/3/18 7:01,636.645,26.589,35.945,1
1806,2023/3/18 7:06,631.909,26.602,35.918,0
1807,2023/3/18 7:11,627.824,26.658,35.812,0
1808,2023/3/18 7:16,640.337,26.688,35.747,2
1809,2023/3/18 7:21,618.313,26.674,35.716,0
1810,2023/3/18 7:26,628.179,26.645,35.881,0
1811,2023/3/18 7:31,629.435,26.351,35.963,0
1812,2023/3/18 7:36,630.727,26.477,35.893,1
1813,2023/3/18 7:41,640.054,26.546,36.314,0
1814,2023/3/18 7:46,662.287,26.674,36.311,0
1815,2023/3/18 7:51,676.8,26.73,36.165,0
1816,2023/3/18 7:56,677.161,26.717,36.264,0
1817,2023/3/18 8:01,668.577,26.378,36.229,0
1818,2023/3/18 8:07,661.385,26.434,36.36,2
1819,2023/3/18 8:12,672.754,26.602,36.319,0
1820,2023/3/18 8:17,687.039,26.674,36.188,1
1821,2023/3/18 8:22,689.485,26.701,36.443,0
1822,2023/3/18 8:27,703.495,26.335,36.763,1
1823,2023/3/18 8:32,712.639,26.477,36.543,0
1824,2023/3/18 8:37,698.326,26.602,36.237,0
1825,2023/3/18 8:42,700.157,26.674,35.982,0
1826,2023/3/18 8:47,691.829,26.717,36,0
1827,2023/3/18 8:52,686.049,26.365,36.27,1
1828,2023/3/18 8:57,688.285,26.407,36.342,0
1829,2023/3/18 9:02,687.148,26.533,36.133,0
1830,2023/3/18 9:07,688.345,26.658,36.035,0
1831,2023/3/18 9:12,688.097,26.589,36.36,1
1832,2023/3/18 9:17,697.391,26.295,36.539,1
1833,2023/3/18 9:22,700.912,26.49,36.307,1
1834,2023/3/18 9:27,700.503,26.618,36.238,1
1835,2023/3/18 9:32,716.671,26.701,35.985,0
1836,2023/3/18 9:37,713.433,26.776,35.921,0
1837,2023/3/18 9:43,714.115,26.688,36.232,0
1838,2023/3/18 9:48,716.487,26.407,36.369,0
1839,2023/3/18 9:53,717.357,26.546,36.328,6
1840,2023/3/18 9:58,723.744,26.674,36.44,0
1841,2023/3/18 10:03,734.077,26.776,36.435,2
1842,2023/3/18 10:08,737.719,26.49,36.641,1
1843,2023/3/18 10:13,746.981,26.506,36.823,2
1844,2023/3/18 10:18,758.52,26.645,36.754,2
1845,2023/3/18 10:23,780.942,26.407,37.199,4
1846,2023/3/18 10:28,791.188,26.506,37.267,0
1847,2023/3/18 10:33,804.038,26.701,37.106,0
1848,2023/3/18 10:38,803.285,26.447,37.273,0
1849,2023/3/18 10:43,805.193,26.519,37.335,0
1850,2023/3/18 10:48,801.646,26.575,37.3,2
1851,2023/3/18 10:53,806.574,26.365,37.57,1
1852,2023/3/18 10:58,799.647,26.533,37.312,3
1853,2023/3/18 11:03,803.751,26.322,37.508,0
1854,2023/3/18 11:08,802.384,26.533,37.35,1
1855,2023/3/18 11:13,802.879,26.575,37.492,0
1856,2023/3/18 11:18,802.333,26.378,37.488,1
1857,2023/3/18 11:23,792.089,26.575,37.177,3
1858,2023/3/18 11:28,782.71,26.447,37.122,2
1859,2023/3/18 11:33,741.479,26.391,36.92,0
1860,2023/3/18 11:38,703.038,26.562,36.607,3
1861,2023/3/18 11:43,694.382,26.618,36.696,2
1862,2023/3/18 11:48,692.415,26.351,36.836,0
1863,2023/3/18 11:53,679.918,26.519,36.507,2
1864,2023/3/18 11:58,678.284,26.618,36.447,2
1865,2023/3/18 12:03,681.584,26.322,36.749,5
1866,2023/3/18 12:08,685.668,26.49,36.627,1
1867,2023/3/18 12:14,691.053,26.674,36.479,1
1868,2023/3/18 12:19,691.03,26.447,36.594,7
1869,2023/3/18 12:24,689.166,26.519,36.714,10
1870,2023/3/18 12:29,692.753,26.931,36.421,4
1871,2023/3/18 12:34,652.104,28.666,32.764,0
1872,2023/3/18 12:39,608.661,29.897,31.633,3
1873,2023/3/18 12:43,625.74,30.939,30.539,0
1874,2023/3/18 12:48,650.109,31.251,30.075,0
1875,2023/3/18 12:53,651.688,31.761,29.732,1
1876,2023/3/18 12:58,647.556,32.512,28.868,0
1877,2023/3/18 13:03,654.79,32.311,28.804,1
1878,2023/3/18 13:08,620.45,32.61,28.244,1
1879,2023/3/18 13:13,601.668,33.104,27.989,0
1880,2023/3/18 13:18,617.194,32.749,28.363,0
1881,2023/3/18 13:23,650.877,33.104,28.221,0
1882,2023/3/18 13:28,683.673,33.259,28.015,0
1883,2023/3/18 13:33,700.096,32.936,28.239,0
1884,2023/3/18 13:38,732.763,33.329,28.008,0
1885,2023/3/18 13:43,713.66,32.95,28.085,0
1886,2023/3/18 13:48,707.053,32.904,28.314,0
1887,2023/3/18 13:53,719.311,33.358,27.962,0
1888,2023/3/18 13:58,728.339,32.723,28.406,0
1889,2023/3/18 14:03,723.445,32.749,28.3,0
1890,2023/3/18 14:08,705.493,33.104,28.065,0
1891,2023/3/18 14:13,713.053,32.482,28.479,0
1892,2023/3/18 14:18,722.946,32.709,28.452,0
1893,2023/3/18 14:22,748.797,32.568,28.532,0
1894,2023/3/18 14:27,745.545,32.156,28.903,0
1895,2023/3/18 14:32,744.431,32.667,28.726,4
1896,2023/3/18 14:37,770.823,32.087,29.28,0
1897,2023/3/18 14:42,784.169,32.199,29.274,0
1898,2023/3/18 14:47,783.192,32.143,29.146,0
1899,2023/3/18 14:52,777.896,31.775,29.61,5
1900,2023/3/18 14:57,766.003,32.031,29.247,0
1901,2023/3/18 15:02,720.578,31.435,29.906,2
1902,2023/3/18 15:07,742.364,31.505,29.91,0
1903,2023/3/18 15:12,747.612,31.705,29.665,0
1904,2023/3/18 15:17,750.435,30.995,30.438,0
1905,2023/3/18 15:22,745.906,31.07,30.244,0
1906,2023/3/18 15:27,729.509,30.771,30.418,0
1907,2023/3/18 15:32,730.854,30.461,30.869,0
1908,2023/3/18 15:37,719.414,30.333,30.949,0
1909,2023/3/18 15:42,698.014,30.234,30.986,0
1910,2023/3/18 15:47,691.676,29.753,31.541,0
1911,2023/3/18 15:52,680.781,29.625,31.656,0
1912,2023/3/18 15:57,667.367,29.542,31.876,0
1913,2023/3/18 16:02,660.255,29.075,32.51,0
1914,2023/3/18 16:07,661.42,29.075,32.466,0
1915,2023/3/18 16:12,660.41,28.877,32.845,0
1916,2023/3/18 16:17,671.447,28.626,33.311,0
1917,2023/3/18 16:22,674.863,28.584,33.414,0
1918,2023/3/18 16:27,673.735,28.495,33.482,0
1919,2023/3/18 16:32,680.916,28.159,34.077,0
1920,2023/3/18 16:37,687.398,28.159,34.232,0
1921,2023/3/18 16:42,686.831,28.242,34.132,0
1922,2023/3/18 16:47,692.469,27.777,34.534,0
1923,2023/3/18 16:52,695.53,27.692,34.773,0
1924,2023/3/18 16:57,704.117,27.678,34.969,3
1925,2023/3/18 17:02,711.882,27.31,35.463,0
1926,2023/3/18 17:07,734.942,27.182,35.712,1
1927,2023/3/18 17:12,731.668,27.28,35.513,0
1928,2023/3/18 17:17,734.819,27,35.875,4
1929,2023/3/18 17:22,743.439,27.056,35.852,7
1930,2023/3/18 17:27,753.308,26.832,36.012,1
1931,2023/3/18 17:32,754.632,26.73,36.278,0
1932,2023/3/18 17:37,752.165,26.717,36.234,0
1933,2023/3/18 17:42,759.399,26.533,36.589,0
1934,2023/3/18 17:47,755.807,26.658,36.394,0
1935,2023/3/18 17:52,749.792,26.73,36.264,2
1936,2023/3/18 17:57,742.175,26.407,36.646,0
1937,2023/3/18 18:02,737.786,26.602,36.557,0
1938,2023/3/18 18:08,736.545,26.776,36.462,0
1939,2023/3/18 18:13,741.34,26.421,36.87,0
1940,2023/3/18 18:18,745.122,26.562,36.856,0
1941,2023/3/18 18:23,757.312,26.717,36.595,0
1942,2023/3/18 18:28,755.935,26.463,36.723,0
1943,2023/3/18 18:33,762.296,26.477,36.736,0
1944,2023/3/18 18:38,756.799,26.658,36.507,0
1945,2023/3/18 18:43,751.249,26.391,36.855,0
1946,2023/3/18 18:48,750.578,26.506,36.852,0
1947,2023/3/18 18:53,752.682,26.506,36.891,0
1948,2023/3/18 18:58,746.3,26.351,37.029,0
1949,2023/3/18 19:03,753.846,26.562,36.719,0
1950,2023/3/18 19:08,757.282,26.447,36.845,3
1951,2023/3/18 19:13,738.341,26.351,36.517,0
1952,2023/3/18 19:18,680.337,26.463,36.595,1
1953,2023/3/18 19:23,700.729,26.589,36.736,0
1954,2023/3/18 19:28,715.219,26.322,37.344,0
1955,2023/3/18 19:33,749.382,26.506,37.323,0
1956,2023/3/18 19:38,779.8,26.447,37.355,0
1957,2023/3/18 19:43,818.258,26.407,37.602,0
1958,2023/3/18 19:48,850.881,26.589,37.372,0
1959,2023/3/18 19:53,879.516,26.477,37.344,0
1960,2023/3/18 19:58,878.42,26.434,37.59,0
1961,2023/3/18 20:03,884.521,26.645,37.323,0
1962,2023/3/18 20:08,883.769,26.575,37.383,0
1963,2023/3/18 20:13,883.742,26.407,37.422,0
1964,2023/3/18 20:18,879.441,26.618,37.097,0
1965,2023/3/18 20:24,871.802,26.421,37.52,2
1966,2023/3/18 20:29,878.542,26.447,37.593,3
1967,2023/3/18 20:34,883.567,26.688,37.367,2
1968,2023/3/18 20:39,893.736,26.533,37.488,1
1969,2023/3/18 20:44,910.786,26.562,37.604,2
1970,2023/3/18 20:49,911.844,26.645,37.308,3
1971,2023/3/18 20:54,868.385,26.575,37.177,0
1972,2023/3/18 20:59,865.2,26.365,37.473,0
1973,2023/3/18 21:04,848.098,26.618,37.154,0
1974,2023/3/18 21:09,842.242,26.717,37.01,0
1975,2023/3/18 21:14,846.417,26.391,37.364,0
1976,2023/3/18 21:19,845.3,26.477,37.387,0
1977,2023/3/18 21:24,845.383,26.645,37.239,0
1978,2023/3/18 21:29,848.463,26.391,37.544,0
1979,2023/3/18 21:34,852.136,26.562,37.396,0
1980,2023/3/18 21:39,859.66,26.602,37.305,0
1981,2023/3/18 21:44,861.653,26.463,37.566,0
1982,2023/3/18 21:49,867.503,26.506,37.474,0
1983,2023/3/18 21:54,870.598,26.391,37.726,0
1984,2023/3/18 21:59,868.729,26.533,37.517,0
1985,2023/3/18 22:05,871.284,26.335,37.828,0
1986,2023/3/18 22:10,876.838,26.506,37.723,0
1987,2023/3/18 22:15,884.352,26.589,37.634,0
1988,2023/3/18 22:20,887.537,26.421,37.933,0
1989,2023/3/18 22:25,898.968,26.632,37.68,0
1990,2023/3/18 22:30,905.781,26.463,37.801,0
1991,2023/3/18 22:35,910.173,26.463,37.938,0
1992,2023/3/18 22:40,912.512,26.658,37.668,0
1993,2023/3/18 22:45,923.933,26.365,38.138,0
1994,2023/3/18 22:50,928.7,26.519,37.973,0
1995,2023/3/18 22:55,936.557,26.378,38.042,0
1996,2023/3/18 23:00,933.777,26.506,38.042,0
1997,2023/3/18 23:05,930.42,26.645,37.819,0
1998,2023/3/18 23:10,927.888,26.407,38.046,0
1999,2023/3/18 23:15,917.144,26.519,37.946,0
2000,2023/3/18 23:20,905.429,26.688,37.741,0
2001,2023/3/18 23:25,893.802,26.421,38.033,0
2002,2023/3/18 23:30,873.05,26.546,37.988,0
2003,2023/3/18 23:35,872.722,26.658,37.767,0
2004,2023/3/18 23:40,864.172,26.365,38.08,0
2005,2023/3/18 23:45,860.92,26.575,37.897,0
2006,2023/3/18 23:50,863.028,26.463,37.952,0
2007,2023/3/18 23:55,858.894,26.463,38.161,0
