CO2,PIR_TRIGGER,LABEL
5.84E-01,0.00E+00,0.00E+00
5.76E-01,0.00E+00,0.00E+00
5.76E-01,0.00E+00,0.00E+00
5.73E-01,0.00E+00,0.00E+00
5.64E-01,0.00E+00,0.00E+00
5.73E-01,0.00E+00,0.00E+00
5.79E-01,0.00E+00,0.00E+00
5.79E-01,0.00E+00,0.00E+00
5.79E-01,0.00E+00,0.00E+00
5.79E-01,0.00E+00,0.00E+00
5.86E-01,0.00E+00,0.00E+00
5.89E-01,0.00E+00,0.00E+00
5.92E-01,0.00E+00,0.00E+00
5.90E-01,0.00E+00,0.00E+00
5.79E-01,0.00E+00,0.00E+00
5.77E-01,0.00E+00,0.00E+00
5.82E-01,0.00E+00,0.00E+00
5.84E-01,0.00E+00,0.00E+00
5.83E-01,0.00E+00,0.00E+00
5.79E-01,0.00E+00,0.00E+00
5.84E-01,0.00E+00,0.00E+00
5.83E-01,0.00E+00,0.00E+00
5.84E-01,0.00E+00,0.00E+00
5.74E-01,0.00E+00,0.00E+00
5.71E-01,0.00E+00,0.00E+00
5.73E-01,0.00E+00,0.00E+00
5.73E-01,0.00E+00,0.00E+00
5.70E-01,0.00E+00,0.00E+00
5.67E-01,0.00E+00,0.00E+00
5.67E-01,0.00E+00,0.00E+00
5.80E-01,0.00E+00,0.00E+00
5.79E-01,0.00E+00,0.00E+00
5.73E-01,0.00E+00,0.00E+00
5.64E-01,0.00E+00,0.00E+00
5.67E-01,0.00E+00,0.00E+00
5.67E-01,0.00E+00,0.00E+00
5.71E-01,0.00E+00,0.00E+00
5.69E-01,0.00E+00,0.00E+00
5.70E-01,0.00E+00,0.00E+00
5.71E-01,0.00E+00,0.00E+00
5.74E-01,0.00E+00,0.00E+00
5.74E-01,0.00E+00,0.00E+00
5.73E-01,0.00E+00,0.00E+00
5.74E-01,0.00E+00,0.00E+00
5.74E-01,0.00E+00,0.00E+00
5.79E-01,0.00E+00,0.00E+00
5.79E-01,0.00E+00,0.00E+00
5.82E-01,0.00E+00,0.00E+00
5.89E-01,0.00E+00,0.00E+00
5.87E-01,0.00E+00,0.00E+00
5.87E-01,0.00E+00,0.00E+00
5.82E-01,0.00E+00,0.00E+00
5.84E-01,0.00E+00,0.00E+00
5.82E-01,0.00E+00,0.00E+00
5.76E-01,0.00E+00,0.00E+00
5.74E-01,0.00E+00,0.00E+00
5.74E-01,0.00E+00,0.00E+00
5.73E-01,0.00E+00,0.00E+00
5.79E-01,0.00E+00,0.00E+00
5.77E-01,0.00E+00,0.00E+00
5.80E-01,0.00E+00,0.00E+00
5.83E-01,0.00E+00,0.00E+00
5.89E-01,0.00E+00,0.00E+00
5.87E-01,0.00E+00,0.00E+00
5.83E-01,0.00E+00,0.00E+00
5.83E-01,0.00E+00,0.00E+00
5.80E-01,0.00E+00,0.00E+00
5.82E-01,0.00E+00,0.00E+00
5.80E-01,0.00E+00,0.00E+00
5.83E-01,0.00E+00,0.00E+00
5.79E-01,0.00E+00,0.00E+00
5.89E-01,0.00E+00,0.00E+00
5.77E-01,0.00E+00,0.00E+00
5.83E-01,0.00E+00,0.00E+00
5.93E-01,0.00E+00,0.00E+00
5.96E-01,0.00E+00,0.00E+00
5.93E-01,0.00E+00,0.00E+00
5.97E-01,0.00E+00,0.00E+00
5.93E-01,0.00E+00,0.00E+00
5.93E-01,0.00E+00,0.00E+00
5.99E-01,0.00E+00,0.00E+00
6.02E-01,0.00E+00,0.00E+00
5.90E-01,0.00E+00,0.00E+00
6.12E-01,0.00E+00,0.00E+00
6.06E-01,0.00E+00,0.00E+00
5.99E-01,0.00E+00,0.00E+00
5.97E-01,0.00E+00,0.00E+00
6.06E-01,0.00E+00,0.00E+00
6.03E-01,0.00E+00,0.00E+00
5.96E-01,0.00E+00,0.00E+00
6.03E-01,0.00E+00,0.00E+00
6.05E-01,0.00E+00,0.00E+00
6.00E-01,0.00E+00,0.00E+00
5.96E-01,0.00E+00,0.00E+00
6.02E-01,0.00E+00,0.00E+00
6.00E-01,0.00E+00,0.00E+00
6.02E-01,0.00E+00,0.00E+00
6.05E-01,0.00E+00,0.00E+00
6.05E-01,0.00E+00,0.00E+00
6.03E-01,4.55E-02,2.00E+00
6.06E-01,0.00E+00,0.00E+00
5.97E-01,0.00E+00,0.00E+00
6.00E-01,0.00E+00,0.00E+00
6.03E-01,0.00E+00,0.00E+00
5.97E-01,0.00E+00,0.00E+00
5.99E-01,0.00E+00,0.00E+00
6.09E-01,0.00E+00,0.00E+00
6.06E-01,0.00E+00,0.00E+00
6.05E-01,0.00E+00,0.00E+00
6.03E-01,0.00E+00,0.00E+00
5.99E-01,0.00E+00,0.00E+00
5.96E-01,0.00E+00,0.00E+00
6.00E-01,4.55E-02,2.00E+00
6.03E-01,0.00E+00,0.00E+00
5.97E-01,0.00E+00,0.00E+00
5.93E-01,0.00E+00,0.00E+00
5.97E-01,0.00E+00,0.00E+00
6.00E-01,0.00E+00,0.00E+00
6.03E-01,0.00E+00,0.00E+00
6.00E-01,0.00E+00,0.00E+00
5.96E-01,0.00E+00,0.00E+00
5.95E-01,0.00E+00,0.00E+00
5.97E-01,0.00E+00,0.00E+00
5.99E-01,0.00E+00,0.00E+00
5.96E-01,0.00E+00,0.00E+00
6.00E-01,0.00E+00,0.00E+00
6.05E-01,0.00E+00,0.00E+00
5.97E-01,0.00E+00,0.00E+00
5.97E-01,0.00E+00,0.00E+00
6.02E-01,0.00E+00,0.00E+00
6.00E-01,0.00E+00,0.00E+00
5.99E-01,4.55E-02,2.00E+00
5.99E-01,0.00E+00,0.00E+00
6.00E-01,0.00E+00,0.00E+00
5.97E-01,0.00E+00,0.00E+00
5.99E-01,0.00E+00,0.00E+00
6.03E-01,9.09E-02,2.00E+00
6.02E-01,0.00E+00,0.00E+00
6.02E-01,4.55E-02,2.00E+00
6.00E-01,0.00E+00,0.00E+00
6.06E-01,0.00E+00,0.00E+00
6.12E-01,4.55E-02,2.00E+00
6.10E-01,0.00E+00,0.00E+00
6.00E-01,0.00E+00,0.00E+00
6.05E-01,0.00E+00,0.00E+00
5.99E-01,0.00E+00,0.00E+00
6.05E-01,0.00E+00,0.00E+00
5.97E-01,0.00E+00,0.00E+00
6.00E-01,0.00E+00,0.00E+00
6.06E-01,0.00E+00,0.00E+00
6.00E-01,0.00E+00,0.00E+00
6.02E-01,0.00E+00,0.00E+00
6.02E-01,0.00E+00,0.00E+00
6.05E-01,0.00E+00,0.00E+00
5.99E-01,0.00E+00,0.00E+00
5.93E-01,0.00E+00,0.00E+00
5.89E-01,0.00E+00,0.00E+00
5.92E-01,0.00E+00,0.00E+00
5.87E-01,0.00E+00,0.00E+00
5.86E-01,0.00E+00,0.00E+00
5.89E-01,0.00E+00,0.00E+00
5.82E-01,0.00E+00,0.00E+00
5.87E-01,0.00E+00,0.00E+00
5.83E-01,4.55E-02,2.00E+00
5.96E-01,0.00E+00,0.00E+00
5.96E-01,0.00E+00,0.00E+00
5.92E-01,0.00E+00,0.00E+00
5.93E-01,0.00E+00,0.00E+00
5.95E-01,0.00E+00,0.00E+00
5.92E-01,0.00E+00,0.00E+00
5.82E-01,0.00E+00,0.00E+00
5.79E-01,0.00E+00,0.00E+00
5.80E-01,0.00E+00,0.00E+00
5.83E-01,0.00E+00,0.00E+00
5.84E-01,0.00E+00,0.00E+00
5.92E-01,0.00E+00,0.00E+00
5.99E-01,0.00E+00,0.00E+00
5.95E-01,1.36E-01,2.00E+00
6.20E-01,2.27E-01,2.00E+00
6.58E-01,2.73E-01,2.00E+00
6.55E-01,0.00E+00,3.00E+00
6.41E-01,0.00E+00,3.00E+00
6.35E-01,9.09E-02,2.00E+00
6.64E-01,3.64E-01,2.00E+00
7.00E-01,5.91E-01,2.00E+00
7.29E-01,2.27E-01,2.00E+00
7.50E-01,4.55E-01,2.00E+00
7.52E-01,9.09E-02,3.00E+00
7.62E-01,1.36E-01,1.00E+00
7.69E-01,9.09E-02,3.00E+00
7.89E-01,4.09E-01,1.00E+00
8.40E-01,4.09E-01,1.00E+00
8.69E-01,5.91E-01,4.00E+00
8.67E-01,5.00E-01,1.00E+00
8.43E-01,2.27E-01,1.00E+00
8.37E-01,2.73E-01,1.00E+00
8.27E-01,1.82E-01,1.00E+00
8.20E-01,9.09E-02,3.00E+00
7.86E-01,1.82E-01,1.00E+00
7.94E-01,4.09E-01,1.00E+00
7.82E-01,2.27E-01,1.00E+00
7.75E-01,2.27E-01,1.00E+00
7.69E-01,1.82E-01,1.00E+00
7.56E-01,2.27E-01,1.00E+00
7.71E-01,4.09E-01,2.00E+00
7.66E-01,3.64E-01,2.00E+00
7.68E-01,5.45E-01,4.00E+00
7.75E-01,3.64E-01,1.00E+00
7.76E-01,1.36E-01,1.00E+00
7.78E-01,7.73E-01,4.00E+00
7.91E-01,1.82E-01,1.00E+00
7.81E-01,1.82E-01,1.00E+00
7.82E-01,1.36E-01,1.00E+00
7.82E-01,1.82E-01,1.00E+00
7.94E-01,1.82E-01,1.00E+00
7.85E-01,1.36E-01,1.00E+00
7.81E-01,4.55E-02,3.00E+00
7.88E-01,1.82E-01,1.00E+00
7.92E-01,5.91E-01,4.00E+00
7.92E-01,3.18E-01,1.00E+00
7.88E-01,9.09E-02,3.00E+00
7.94E-01,1.36E-01,1.00E+00
7.99E-01,1.36E-01,1.00E+00
8.04E-01,1.82E-01,1.00E+00
8.11E-01,9.09E-02,3.00E+00
8.04E-01,1.36E-01,1.00E+00
8.08E-01,3.18E-01,1.00E+00
8.02E-01,2.27E-01,1.00E+00
7.94E-01,1.36E-01,1.00E+00
8.07E-01,2.27E-01,1.00E+00
8.10E-01,3.18E-01,1.00E+00
7.99E-01,4.55E-01,1.00E+00
7.95E-01,5.00E-01,4.00E+00
7.89E-01,2.27E-01,1.00E+00
7.94E-01,0.00E+00,3.00E+00
7.89E-01,4.55E-02,3.00E+00
7.99E-01,9.09E-02,3.00E+00
7.98E-01,2.73E-01,1.00E+00
7.89E-01,9.09E-02,3.00E+00
7.99E-01,3.18E-01,1.00E+00
7.99E-01,2.27E-01,1.00E+00
7.91E-01,3.18E-01,1.00E+00
7.94E-01,3.64E-01,1.00E+00
7.86E-01,3.18E-01,1.00E+00
7.98E-01,2.73E-01,1.00E+00
8.14E-01,3.18E-01,1.00E+00
8.10E-01,1.36E-01,1.00E+00
7.88E-01,9.09E-02,3.00E+00
7.78E-01,1.36E-01,1.00E+00
7.56E-01,0.00E+00,3.00E+00
7.29E-01,0.00E+00,3.00E+00
7.04E-01,0.00E+00,3.00E+00
6.77E-01,0.00E+00,3.00E+00
6.68E-01,0.00E+00,3.00E+00
6.61E-01,0.00E+00,3.00E+00
6.55E-01,0.00E+00,3.00E+00
6.57E-01,0.00E+00,3.00E+00
6.52E-01,0.00E+00,3.00E+00
6.45E-01,0.00E+00,3.00E+00
6.41E-01,0.00E+00,3.00E+00
6.38E-01,0.00E+00,3.00E+00
6.31E-01,0.00E+00,3.00E+00
6.23E-01,0.00E+00,0.00E+00
6.35E-01,0.00E+00,3.00E+00
6.22E-01,0.00E+00,0.00E+00
6.20E-01,0.00E+00,0.00E+00
6.16E-01,0.00E+00,0.00E+00
6.18E-01,0.00E+00,0.00E+00
6.18E-01,0.00E+00,0.00E+00
6.29E-01,0.00E+00,3.00E+00
6.19E-01,0.00E+00,0.00E+00
6.22E-01,0.00E+00,0.00E+00
6.16E-01,0.00E+00,0.00E+00
6.19E-01,0.00E+00,0.00E+00
6.20E-01,0.00E+00,0.00E+00
6.29E-01,0.00E+00,3.00E+00
6.26E-01,0.00E+00,0.00E+00
6.29E-01,0.00E+00,3.00E+00
6.22E-01,0.00E+00,0.00E+00
6.20E-01,0.00E+00,0.00E+00
6.20E-01,0.00E+00,0.00E+00
6.19E-01,0.00E+00,0.00E+00
6.22E-01,0.00E+00,0.00E+00
6.23E-01,0.00E+00,0.00E+00
6.26E-01,0.00E+00,0.00E+00
6.19E-01,0.00E+00,0.00E+00
6.18E-01,0.00E+00,0.00E+00
6.22E-01,0.00E+00,0.00E+00
6.25E-01,0.00E+00,0.00E+00
6.26E-01,0.00E+00,0.00E+00
6.22E-01,0.00E+00,0.00E+00
6.28E-01,0.00E+00,3.00E+00
6.19E-01,0.00E+00,0.00E+00
6.19E-01,0.00E+00,0.00E+00
6.20E-01,0.00E+00,0.00E+00
6.31E-01,1.82E-01,2.00E+00
6.22E-01,0.00E+00,0.00E+00
6.20E-01,0.00E+00,0.00E+00
6.23E-01,0.00E+00,0.00E+00
6.23E-01,0.00E+00,0.00E+00
6.20E-01,0.00E+00,0.00E+00
6.22E-01,0.00E+00,0.00E+00
6.25E-01,0.00E+00,0.00E+00
6.28E-01,0.00E+00,3.00E+00
6.23E-01,0.00E+00,0.00E+00
6.23E-01,0.00E+00,0.00E+00
6.23E-01,0.00E+00,0.00E+00
6.22E-01,0.00E+00,0.00E+00
6.19E-01,0.00E+00,0.00E+00
6.29E-01,0.00E+00,3.00E+00
6.22E-01,0.00E+00,0.00E+00
6.13E-01,0.00E+00,0.00E+00
6.09E-01,0.00E+00,0.00E+00
6.12E-01,0.00E+00,0.00E+00
6.15E-01,0.00E+00,0.00E+00
6.22E-01,0.00E+00,0.00E+00
6.31E-01,0.00E+00,3.00E+00
6.29E-01,0.00E+00,3.00E+00
6.19E-01,0.00E+00,0.00E+00
6.22E-01,0.00E+00,0.00E+00
6.19E-01,0.00E+00,0.00E+00
6.28E-01,0.00E+00,3.00E+00
6.22E-01,0.00E+00,0.00E+00
6.18E-01,0.00E+00,0.00E+00
6.18E-01,0.00E+00,0.00E+00
6.13E-01,0.00E+00,0.00E+00
6.18E-01,0.00E+00,0.00E+00
6.16E-01,0.00E+00,0.00E+00
6.18E-01,0.00E+00,0.00E+00
6.29E-01,0.00E+00,3.00E+00
6.33E-01,0.00E+00,3.00E+00
6.26E-01,0.00E+00,0.00E+00
6.16E-01,0.00E+00,0.00E+00
6.25E-01,0.00E+00,0.00E+00
6.22E-01,0.00E+00,0.00E+00
6.25E-01,0.00E+00,0.00E+00
6.28E-01,0.00E+00,3.00E+00
6.18E-01,0.00E+00,0.00E+00
6.26E-01,0.00E+00,0.00E+00
6.22E-01,0.00E+00,0.00E+00
6.26E-01,0.00E+00,0.00E+00
6.28E-01,0.00E+00,3.00E+00
6.26E-01,0.00E+00,0.00E+00
6.32E-01,0.00E+00,3.00E+00
6.23E-01,0.00E+00,0.00E+00
6.26E-01,0.00E+00,0.00E+00
6.32E-01,0.00E+00,3.00E+00
6.39E-01,0.00E+00,3.00E+00
6.44E-01,0.00E+00,3.00E+00
6.44E-01,0.00E+00,3.00E+00
6.44E-01,0.00E+00,3.00E+00
6.38E-01,0.00E+00,3.00E+00
6.29E-01,0.00E+00,3.00E+00
6.33E-01,0.00E+00,3.00E+00
6.39E-01,0.00E+00,3.00E+00
6.39E-01,0.00E+00,3.00E+00
6.33E-01,0.00E+00,3.00E+00
6.35E-01,0.00E+00,3.00E+00
6.39E-01,0.00E+00,3.00E+00
6.36E-01,0.00E+00,3.00E+00
6.45E-01,0.00E+00,3.00E+00
6.48E-01,0.00E+00,3.00E+00
6.51E-01,0.00E+00,3.00E+00
6.41E-01,0.00E+00,3.00E+00
6.44E-01,0.00E+00,3.00E+00
6.42E-01,0.00E+00,3.00E+00
6.35E-01,0.00E+00,3.00E+00
6.41E-01,0.00E+00,3.00E+00
6.48E-01,0.00E+00,3.00E+00
6.39E-01,0.00E+00,3.00E+00
6.44E-01,0.00E+00,3.00E+00
6.42E-01,0.00E+00,3.00E+00
6.46E-01,0.00E+00,3.00E+00
6.48E-01,0.00E+00,3.00E+00
6.39E-01,0.00E+00,3.00E+00
6.44E-01,0.00E+00,3.00E+00
6.44E-01,0.00E+00,3.00E+00
6.49E-01,0.00E+00,3.00E+00
6.52E-01,0.00E+00,3.00E+00
6.51E-01,0.00E+00,3.00E+00
6.57E-01,0.00E+00,3.00E+00
6.59E-01,0.00E+00,3.00E+00
6.58E-01,0.00E+00,3.00E+00
6.59E-01,0.00E+00,3.00E+00
6.55E-01,0.00E+00,3.00E+00
6.49E-01,0.00E+00,3.00E+00
6.52E-01,0.00E+00,3.00E+00
6.45E-01,0.00E+00,3.00E+00
6.46E-01,0.00E+00,3.00E+00
6.48E-01,0.00E+00,3.00E+00
6.54E-01,0.00E+00,3.00E+00
6.54E-01,0.00E+00,3.00E+00
6.59E-01,0.00E+00,3.00E+00
6.55E-01,0.00E+00,3.00E+00
6.54E-01,0.00E+00,3.00E+00
6.48E-01,0.00E+00,3.00E+00
6.55E-01,0.00E+00,3.00E+00
6.52E-01,0.00E+00,3.00E+00
6.46E-01,0.00E+00,3.00E+00
6.48E-01,0.00E+00,3.00E+00
6.45E-01,0.00E+00,3.00E+00
6.36E-01,0.00E+00,3.00E+00
6.41E-01,0.00E+00,3.00E+00
6.35E-01,0.00E+00,3.00E+00
6.42E-01,0.00E+00,3.00E+00
6.39E-01,0.00E+00,3.00E+00
6.46E-01,0.00E+00,3.00E+00
6.44E-01,0.00E+00,3.00E+00
6.38E-01,0.00E+00,3.00E+00
6.38E-01,0.00E+00,3.00E+00
6.29E-01,0.00E+00,3.00E+00
6.36E-01,0.00E+00,3.00E+00
6.42E-01,0.00E+00,3.00E+00
6.39E-01,0.00E+00,3.00E+00
6.38E-01,0.00E+00,3.00E+00
6.33E-01,0.00E+00,3.00E+00
6.35E-01,0.00E+00,3.00E+00
6.31E-01,0.00E+00,3.00E+00
6.23E-01,0.00E+00,0.00E+00
6.25E-01,0.00E+00,0.00E+00
6.22E-01,0.00E+00,0.00E+00
6.31E-01,0.00E+00,3.00E+00
6.23E-01,0.00E+00,0.00E+00
6.31E-01,0.00E+00,3.00E+00
6.36E-01,0.00E+00,3.00E+00
6.35E-01,0.00E+00,3.00E+00
6.35E-01,0.00E+00,3.00E+00
6.26E-01,0.00E+00,0.00E+00
6.22E-01,0.00E+00,0.00E+00
6.29E-01,0.00E+00,3.00E+00
6.23E-01,0.00E+00,0.00E+00
6.32E-01,0.00E+00,3.00E+00
6.28E-01,0.00E+00,3.00E+00
6.25E-01,0.00E+00,0.00E+00
6.20E-01,0.00E+00,0.00E+00
6.18E-01,0.00E+00,0.00E+00
6.18E-01,0.00E+00,0.00E+00
6.13E-01,0.00E+00,0.00E+00
6.19E-01,0.00E+00,0.00E+00
6.15E-01,0.00E+00,0.00E+00
6.18E-01,0.00E+00,0.00E+00
6.18E-01,0.00E+00,0.00E+00
6.10E-01,0.00E+00,0.00E+00
6.13E-01,0.00E+00,0.00E+00
6.08E-01,0.00E+00,0.00E+00
6.03E-01,0.00E+00,0.00E+00
6.06E-01,0.00E+00,0.00E+00
6.09E-01,0.00E+00,0.00E+00
6.05E-01,0.00E+00,0.00E+00
6.05E-01,0.00E+00,0.00E+00
6.00E-01,0.00E+00,0.00E+00
6.02E-01,0.00E+00,0.00E+00
6.00E-01,0.00E+00,0.00E+00
6.06E-01,0.00E+00,0.00E+00
6.06E-01,0.00E+00,0.00E+00
6.08E-01,0.00E+00,0.00E+00
6.03E-01,0.00E+00,0.00E+00
6.02E-01,0.00E+00,0.00E+00
6.06E-01,0.00E+00,0.00E+00
5.95E-01,0.00E+00,0.00E+00
6.00E-01,0.00E+00,0.00E+00
6.05E-01,0.00E+00,0.00E+00
6.06E-01,0.00E+00,0.00E+00
6.03E-01,0.00E+00,0.00E+00
5.93E-01,0.00E+00,0.00E+00
5.96E-01,0.00E+00,0.00E+00
6.02E-01,0.00E+00,0.00E+00
6.02E-01,0.00E+00,0.00E+00
6.02E-01,0.00E+00,0.00E+00
5.97E-01,0.00E+00,0.00E+00
6.03E-01,0.00E+00,0.00E+00
5.97E-01,0.00E+00,0.00E+00
6.10E-01,0.00E+00,0.00E+00
6.09E-01,0.00E+00,0.00E+00
6.09E-01,0.00E+00,0.00E+00
6.18E-01,0.00E+00,0.00E+00
6.22E-01,0.00E+00,0.00E+00
6.20E-01,0.00E+00,0.00E+00
6.16E-01,0.00E+00,0.00E+00
6.15E-01,0.00E+00,0.00E+00
6.15E-01,0.00E+00,0.00E+00
6.02E-01,0.00E+00,0.00E+00
6.09E-01,0.00E+00,0.00E+00
6.00E-01,0.00E+00,0.00E+00
5.99E-01,0.00E+00,0.00E+00
6.02E-01,0.00E+00,0.00E+00
5.99E-01,0.00E+00,0.00E+00
6.00E-01,0.00E+00,0.00E+00
6.00E-01,0.00E+00,0.00E+00
6.06E-01,0.00E+00,0.00E+00
6.05E-01,0.00E+00,0.00E+00
6.00E-01,0.00E+00,0.00E+00
5.95E-01,0.00E+00,0.00E+00
5.93E-01,0.00E+00,0.00E+00
5.93E-01,0.00E+00,0.00E+00
6.03E-01,0.00E+00,0.00E+00
6.06E-01,0.00E+00,0.00E+00
6.02E-01,0.00E+00,0.00E+00
6.12E-01,0.00E+00,0.00E+00
6.10E-01,0.00E+00,0.00E+00
6.03E-01,0.00E+00,0.00E+00
6.02E-01,0.00E+00,0.00E+00
6.06E-01,0.00E+00,0.00E+00
6.19E-01,0.00E+00,0.00E+00
6.03E-01,0.00E+00,0.00E+00
6.12E-01,0.00E+00,0.00E+00
6.15E-01,0.00E+00,0.00E+00
6.20E-01,0.00E+00,0.00E+00
6.10E-01,0.00E+00,0.00E+00
6.18E-01,0.00E+00,0.00E+00
6.16E-01,0.00E+00,0.00E+00
6.12E-01,0.00E+00,0.00E+00
6.15E-01,0.00E+00,0.00E+00
6.16E-01,0.00E+00,0.00E+00
6.16E-01,0.00E+00,0.00E+00
6.20E-01,0.00E+00,0.00E+00
6.19E-01,0.00E+00,0.00E+00
6.15E-01,0.00E+00,0.00E+00
6.16E-01,0.00E+00,0.00E+00
6.08E-01,0.00E+00,0.00E+00
6.09E-01,0.00E+00,0.00E+00
6.13E-01,0.00E+00,0.00E+00
6.15E-01,0.00E+00,0.00E+00
6.18E-01,0.00E+00,0.00E+00
6.20E-01,0.00E+00,0.00E+00
6.25E-01,0.00E+00,0.00E+00
6.18E-01,0.00E+00,0.00E+00
6.13E-01,0.00E+00,0.00E+00
6.19E-01,0.00E+00,0.00E+00
6.15E-01,0.00E+00,0.00E+00
6.19E-01,0.00E+00,0.00E+00
6.19E-01,0.00E+00,0.00E+00
6.15E-01,0.00E+00,0.00E+00
6.18E-01,0.00E+00,0.00E+00
6.08E-01,0.00E+00,0.00E+00
6.19E-01,0.00E+00,0.00E+00
6.13E-01,0.00E+00,0.00E+00
6.06E-01,0.00E+00,0.00E+00
6.10E-01,0.00E+00,0.00E+00
6.10E-01,0.00E+00,0.00E+00
6.09E-01,0.00E+00,0.00E+00
6.16E-01,0.00E+00,0.00E+00
6.13E-01,0.00E+00,0.00E+00
6.18E-01,0.00E+00,0.00E+00
6.09E-01,0.00E+00,0.00E+00
6.05E-01,0.00E+00,0.00E+00
6.05E-01,0.00E+00,0.00E+00
6.03E-01,0.00E+00,0.00E+00
6.05E-01,0.00E+00,0.00E+00
6.05E-01,0.00E+00,0.00E+00
6.08E-01,0.00E+00,0.00E+00
6.06E-01,0.00E+00,0.00E+00
6.05E-01,0.00E+00,0.00E+00
6.06E-01,0.00E+00,0.00E+00
6.08E-01,0.00E+00,0.00E+00
6.05E-01,0.00E+00,0.00E+00
6.09E-01,0.00E+00,0.00E+00
6.16E-01,0.00E+00,0.00E+00
6.09E-01,0.00E+00,0.00E+00
6.09E-01,0.00E+00,0.00E+00
6.15E-01,0.00E+00,0.00E+00
6.12E-01,0.00E+00,0.00E+00
6.12E-01,0.00E+00,0.00E+00
6.12E-01,0.00E+00,0.00E+00
6.05E-01,0.00E+00,0.00E+00
5.97E-01,0.00E+00,0.00E+00
5.99E-01,0.00E+00,0.00E+00
6.00E-01,0.00E+00,0.00E+00
6.10E-01,0.00E+00,0.00E+00
6.09E-01,0.00E+00,0.00E+00
6.05E-01,0.00E+00,0.00E+00
6.06E-01,0.00E+00,0.00E+00
6.06E-01,0.00E+00,0.00E+00
6.03E-01,0.00E+00,0.00E+00
6.08E-01,0.00E+00,0.00E+00
6.05E-01,0.00E+00,0.00E+00
6.09E-01,0.00E+00,0.00E+00
6.12E-01,0.00E+00,0.00E+00
6.05E-01,0.00E+00,0.00E+00
6.06E-01,0.00E+00,0.00E+00
6.03E-01,0.00E+00,0.00E+00
6.09E-01,0.00E+00,0.00E+00
6.12E-01,0.00E+00,0.00E+00
6.06E-01,0.00E+00,0.00E+00
6.03E-01,0.00E+00,0.00E+00
6.02E-01,0.00E+00,0.00E+00
5.97E-01,0.00E+00,0.00E+00
5.93E-01,0.00E+00,0.00E+00
6.03E-01,0.00E+00,0.00E+00
5.96E-01,0.00E+00,0.00E+00
5.93E-01,0.00E+00,0.00E+00
5.93E-01,0.00E+00,0.00E+00
5.96E-01,0.00E+00,0.00E+00
6.05E-01,0.00E+00,0.00E+00
6.08E-01,0.00E+00,0.00E+00
5.96E-01,0.00E+00,0.00E+00
5.99E-01,0.00E+00,0.00E+00
6.05E-01,0.00E+00,0.00E+00
6.05E-01,0.00E+00,0.00E+00
6.05E-01,0.00E+00,0.00E+00
6.09E-01,0.00E+00,0.00E+00
6.05E-01,0.00E+00,0.00E+00
6.09E-01,0.00E+00,0.00E+00
6.09E-01,0.00E+00,0.00E+00
5.99E-01,0.00E+00,0.00E+00
6.03E-01,0.00E+00,0.00E+00
6.10E-01,0.00E+00,0.00E+00
6.05E-01,0.00E+00,0.00E+00
6.10E-01,0.00E+00,0.00E+00
6.00E-01,0.00E+00,0.00E+00
6.00E-01,0.00E+00,0.00E+00
6.02E-01,0.00E+00,0.00E+00
6.02E-01,0.00E+00,0.00E+00
6.03E-01,0.00E+00,0.00E+00
6.06E-01,0.00E+00,0.00E+00
6.03E-01,0.00E+00,0.00E+00
6.03E-01,0.00E+00,0.00E+00
6.02E-01,0.00E+00,0.00E+00
6.02E-01,0.00E+00,0.00E+00
6.05E-01,0.00E+00,0.00E+00
6.05E-01,0.00E+00,0.00E+00
6.00E-01,0.00E+00,0.00E+00
6.03E-01,0.00E+00,0.00E+00
6.06E-01,0.00E+00,0.00E+00
5.99E-01,0.00E+00,0.00E+00
6.00E-01,0.00E+00,0.00E+00
6.06E-01,0.00E+00,0.00E+00
6.08E-01,0.00E+00,0.00E+00
6.00E-01,0.00E+00,0.00E+00
6.00E-01,0.00E+00,0.00E+00
5.99E-01,0.00E+00,0.00E+00
5.97E-01,0.00E+00,0.00E+00
5.95E-01,0.00E+00,0.00E+00
6.03E-01,0.00E+00,0.00E+00
6.05E-01,0.00E+00,0.00E+00
6.15E-01,0.00E+00,0.00E+00
6.02E-01,0.00E+00,0.00E+00
6.05E-01,0.00E+00,0.00E+00
6.02E-01,0.00E+00,0.00E+00
5.97E-01,0.00E+00,0.00E+00
6.09E-01,0.00E+00,0.00E+00
6.02E-01,0.00E+00,0.00E+00
5.97E-01,0.00E+00,0.00E+00
6.02E-01,0.00E+00,0.00E+00
6.03E-01,0.00E+00,0.00E+00
6.08E-01,0.00E+00,0.00E+00
6.00E-01,0.00E+00,0.00E+00
6.02E-01,0.00E+00,0.00E+00
6.02E-01,0.00E+00,0.00E+00
6.09E-01,0.00E+00,0.00E+00
6.08E-01,0.00E+00,0.00E+00
6.05E-01,0.00E+00,0.00E+00
6.13E-01,0.00E+00,0.00E+00
6.09E-01,0.00E+00,0.00E+00
6.09E-01,0.00E+00,0.00E+00
6.13E-01,0.00E+00,0.00E+00
6.09E-01,0.00E+00,0.00E+00
6.12E-01,0.00E+00,0.00E+00
6.09E-01,0.00E+00,0.00E+00
6.09E-01,0.00E+00,0.00E+00
6.15E-01,0.00E+00,0.00E+00
6.16E-01,0.00E+00,0.00E+00
6.22E-01,0.00E+00,0.00E+00
6.25E-01,0.00E+00,0.00E+00
6.25E-01,0.00E+00,0.00E+00
6.28E-01,0.00E+00,3.00E+00
6.29E-01,0.00E+00,3.00E+00
6.29E-01,0.00E+00,3.00E+00
6.22E-01,0.00E+00,0.00E+00
6.18E-01,0.00E+00,0.00E+00
6.13E-01,0.00E+00,0.00E+00
6.23E-01,0.00E+00,0.00E+00
6.25E-01,0.00E+00,0.00E+00
6.23E-01,0.00E+00,0.00E+00
6.16E-01,0.00E+00,0.00E+00
6.18E-01,0.00E+00,0.00E+00
6.16E-01,0.00E+00,0.00E+00
6.18E-01,0.00E+00,0.00E+00
6.10E-01,0.00E+00,0.00E+00
6.09E-01,0.00E+00,0.00E+00
6.08E-01,0.00E+00,0.00E+00
6.12E-01,0.00E+00,0.00E+00
6.03E-01,0.00E+00,0.00E+00
6.16E-01,0.00E+00,0.00E+00
6.20E-01,0.00E+00,0.00E+00
6.19E-01,0.00E+00,0.00E+00
6.16E-01,0.00E+00,0.00E+00
6.18E-01,0.00E+00,0.00E+00
6.18E-01,0.00E+00,0.00E+00
6.18E-01,0.00E+00,0.00E+00
6.18E-01,0.00E+00,0.00E+00
6.13E-01,0.00E+00,0.00E+00
6.12E-01,0.00E+00,0.00E+00
6.16E-01,0.00E+00,0.00E+00
6.22E-01,0.00E+00,0.00E+00
6.12E-01,0.00E+00,0.00E+00
6.16E-01,0.00E+00,0.00E+00
6.13E-01,0.00E+00,0.00E+00
6.18E-01,0.00E+00,0.00E+00
6.15E-01,0.00E+00,0.00E+00
6.23E-01,0.00E+00,0.00E+00
6.26E-01,0.00E+00,0.00E+00
6.13E-01,0.00E+00,0.00E+00
6.13E-01,0.00E+00,0.00E+00
6.06E-01,0.00E+00,0.00E+00
6.09E-01,0.00E+00,0.00E+00
6.05E-01,0.00E+00,0.00E+00
6.03E-01,0.00E+00,0.00E+00
6.00E-01,0.00E+00,0.00E+00
6.03E-01,0.00E+00,0.00E+00
6.03E-01,0.00E+00,0.00E+00
5.95E-01,0.00E+00,0.00E+00
5.92E-01,0.00E+00,0.00E+00
5.90E-01,0.00E+00,0.00E+00
6.00E-01,0.00E+00,0.00E+00
6.05E-01,0.00E+00,0.00E+00
6.08E-01,0.00E+00,0.00E+00
5.99E-01,0.00E+00,0.00E+00
5.99E-01,0.00E+00,0.00E+00
5.99E-01,0.00E+00,0.00E+00
6.00E-01,0.00E+00,0.00E+00
6.05E-01,0.00E+00,0.00E+00
6.03E-01,0.00E+00,0.00E+00
5.96E-01,0.00E+00,0.00E+00
5.96E-01,0.00E+00,0.00E+00
6.03E-01,0.00E+00,0.00E+00
6.02E-01,0.00E+00,0.00E+00
5.97E-01,0.00E+00,0.00E+00
6.08E-01,0.00E+00,0.00E+00
6.06E-01,0.00E+00,0.00E+00
6.06E-01,0.00E+00,0.00E+00
6.06E-01,0.00E+00,0.00E+00
6.00E-01,0.00E+00,0.00E+00
6.05E-01,0.00E+00,0.00E+00
6.00E-01,0.00E+00,0.00E+00
6.05E-01,0.00E+00,0.00E+00
6.00E-01,0.00E+00,0.00E+00
6.05E-01,0.00E+00,0.00E+00
5.97E-01,0.00E+00,0.00E+00
5.95E-01,0.00E+00,0.00E+00
5.96E-01,0.00E+00,0.00E+00
5.97E-01,0.00E+00,0.00E+00
5.99E-01,0.00E+00,0.00E+00
5.97E-01,0.00E+00,0.00E+00
5.99E-01,0.00E+00,0.00E+00
6.03E-01,0.00E+00,0.00E+00
6.03E-01,0.00E+00,0.00E+00
6.09E-01,0.00E+00,0.00E+00
6.02E-01,0.00E+00,0.00E+00
5.95E-01,0.00E+00,0.00E+00
5.95E-01,0.00E+00,0.00E+00
5.95E-01,0.00E+00,0.00E+00
5.96E-01,0.00E+00,0.00E+00
6.02E-01,0.00E+00,0.00E+00
6.10E-01,0.00E+00,0.00E+00
6.15E-01,0.00E+00,0.00E+00
6.09E-01,0.00E+00,0.00E+00
6.13E-01,0.00E+00,0.00E+00
6.18E-01,0.00E+00,0.00E+00
6.16E-01,0.00E+00,0.00E+00
6.22E-01,0.00E+00,0.00E+00
6.18E-01,0.00E+00,0.00E+00
6.22E-01,0.00E+00,0.00E+00
6.22E-01,0.00E+00,0.00E+00
6.20E-01,0.00E+00,0.00E+00
6.19E-01,0.00E+00,0.00E+00
6.23E-01,0.00E+00,0.00E+00
6.26E-01,0.00E+00,0.00E+00
6.29E-01,9.09E-02,2.00E+00
6.31E-01,5.45E-01,2.00E+00
6.57E-01,2.73E-01,2.00E+00
7.17E-01,3.64E-01,2.00E+00
7.43E-01,0.00E+00,3.00E+00
7.33E-01,0.00E+00,3.00E+00
7.11E-01,0.00E+00,3.00E+00
6.81E-01,0.00E+00,3.00E+00
6.68E-01,0.00E+00,3.00E+00
6.52E-01,0.00E+00,3.00E+00
6.44E-01,9.09E-02,2.00E+00
6.35E-01,1.36E-01,2.00E+00
6.51E-01,2.27E-01,2.00E+00
6.96E-01,9.09E-02,3.00E+00
7.11E-01,3.18E-01,2.00E+00
7.30E-01,1.82E-01,2.00E+00
7.03E-01,0.00E+00,3.00E+00
6.91E-01,0.00E+00,3.00E+00
6.74E-01,0.00E+00,3.00E+00
6.72E-01,0.00E+00,3.00E+00
6.64E-01,0.00E+00,3.00E+00
6.49E-01,0.00E+00,3.00E+00
6.48E-01,0.00E+00,3.00E+00
6.36E-01,0.00E+00,3.00E+00
6.35E-01,0.00E+00,3.00E+00
6.31E-01,0.00E+00,3.00E+00
6.29E-01,0.00E+00,3.00E+00
6.25E-01,0.00E+00,0.00E+00
6.22E-01,0.00E+00,0.00E+00
6.16E-01,0.00E+00,0.00E+00
6.22E-01,0.00E+00,0.00E+00
6.23E-01,0.00E+00,0.00E+00
6.26E-01,0.00E+00,0.00E+00
6.25E-01,0.00E+00,0.00E+00
6.23E-01,0.00E+00,0.00E+00
6.22E-01,0.00E+00,0.00E+00
6.23E-01,0.00E+00,0.00E+00
6.22E-01,0.00E+00,0.00E+00
6.28E-01,0.00E+00,3.00E+00
6.28E-01,0.00E+00,3.00E+00
6.23E-01,0.00E+00,0.00E+00
6.25E-01,0.00E+00,0.00E+00
6.38E-01,0.00E+00,3.00E+00
6.42E-01,0.00E+00,3.00E+00
6.41E-01,0.00E+00,3.00E+00
6.42E-01,0.00E+00,3.00E+00
6.39E-01,0.00E+00,3.00E+00
6.36E-01,0.00E+00,3.00E+00
6.33E-01,0.00E+00,3.00E+00
6.31E-01,0.00E+00,3.00E+00
6.23E-01,0.00E+00,0.00E+00
6.31E-01,0.00E+00,3.00E+00
6.44E-01,0.00E+00,3.00E+00
6.44E-01,0.00E+00,3.00E+00
6.36E-01,0.00E+00,3.00E+00
6.39E-01,0.00E+00,3.00E+00
6.45E-01,0.00E+00,3.00E+00
6.44E-01,0.00E+00,3.00E+00
6.46E-01,0.00E+00,3.00E+00
6.36E-01,0.00E+00,3.00E+00
6.46E-01,0.00E+00,3.00E+00
6.42E-01,0.00E+00,3.00E+00
6.38E-01,0.00E+00,3.00E+00
6.36E-01,0.00E+00,3.00E+00
6.33E-01,0.00E+00,3.00E+00
6.33E-01,0.00E+00,3.00E+00
6.32E-01,0.00E+00,3.00E+00
6.35E-01,0.00E+00,3.00E+00
6.35E-01,0.00E+00,3.00E+00
6.33E-01,0.00E+00,3.00E+00
6.29E-01,0.00E+00,3.00E+00
6.26E-01,0.00E+00,0.00E+00
6.23E-01,0.00E+00,0.00E+00
6.20E-01,0.00E+00,0.00E+00
6.23E-01,0.00E+00,0.00E+00
6.23E-01,0.00E+00,0.00E+00
6.25E-01,0.00E+00,0.00E+00
6.25E-01,0.00E+00,0.00E+00
6.16E-01,0.00E+00,0.00E+00
6.16E-01,0.00E+00,0.00E+00
6.19E-01,0.00E+00,0.00E+00
6.18E-01,0.00E+00,0.00E+00
6.20E-01,0.00E+00,0.00E+00
6.20E-01,0.00E+00,0.00E+00
6.16E-01,0.00E+00,0.00E+00
6.13E-01,0.00E+00,0.00E+00
6.15E-01,0.00E+00,0.00E+00
6.20E-01,0.00E+00,0.00E+00
6.19E-01,0.00E+00,0.00E+00
6.15E-01,0.00E+00,0.00E+00
6.20E-01,0.00E+00,0.00E+00
6.19E-01,0.00E+00,0.00E+00
6.10E-01,0.00E+00,0.00E+00
6.22E-01,0.00E+00,0.00E+00
6.12E-01,1.36E-01,2.00E+00
6.06E-01,0.00E+00,0.00E+00
6.08E-01,0.00E+00,0.00E+00
6.05E-01,0.00E+00,0.00E+00
6.09E-01,0.00E+00,0.00E+00
6.06E-01,0.00E+00,0.00E+00
6.05E-01,0.00E+00,0.00E+00
6.12E-01,0.00E+00,0.00E+00
6.05E-01,0.00E+00,0.00E+00
6.03E-01,0.00E+00,0.00E+00
5.99E-01,0.00E+00,0.00E+00
6.05E-01,0.00E+00,0.00E+00
5.99E-01,0.00E+00,0.00E+00
6.03E-01,0.00E+00,0.00E+00
6.03E-01,0.00E+00,0.00E+00
6.03E-01,0.00E+00,0.00E+00
5.97E-01,0.00E+00,0.00E+00
6.08E-01,0.00E+00,0.00E+00
6.02E-01,0.00E+00,0.00E+00
6.02E-01,0.00E+00,0.00E+00
6.00E-01,0.00E+00,0.00E+00
5.95E-01,0.00E+00,0.00E+00
6.00E-01,0.00E+00,0.00E+00
6.00E-01,0.00E+00,0.00E+00
6.03E-01,0.00E+00,0.00E+00
6.03E-01,0.00E+00,0.00E+00
6.15E-01,0.00E+00,0.00E+00
6.19E-01,0.00E+00,0.00E+00
6.20E-01,0.00E+00,0.00E+00
6.13E-01,0.00E+00,0.00E+00
6.16E-01,0.00E+00,0.00E+00
6.19E-01,0.00E+00,0.00E+00
6.10E-01,0.00E+00,0.00E+00
6.10E-01,0.00E+00,0.00E+00
6.09E-01,0.00E+00,0.00E+00
6.08E-01,0.00E+00,0.00E+00
6.13E-01,0.00E+00,0.00E+00
6.09E-01,0.00E+00,0.00E+00
6.09E-01,0.00E+00,0.00E+00
6.03E-01,0.00E+00,0.00E+00
5.96E-01,0.00E+00,0.00E+00
5.99E-01,0.00E+00,0.00E+00
5.95E-01,0.00E+00,0.00E+00
5.92E-01,0.00E+00,0.00E+00
5.90E-01,0.00E+00,0.00E+00
5.99E-01,0.00E+00,0.00E+00
5.92E-01,0.00E+00,0.00E+00
5.89E-01,0.00E+00,0.00E+00
5.92E-01,0.00E+00,0.00E+00
5.97E-01,0.00E+00,0.00E+00
6.03E-01,0.00E+00,0.00E+00
5.99E-01,0.00E+00,0.00E+00
5.99E-01,0.00E+00,0.00E+00
6.00E-01,0.00E+00,0.00E+00
6.00E-01,0.00E+00,0.00E+00
5.96E-01,0.00E+00,0.00E+00
5.97E-01,0.00E+00,0.00E+00
6.03E-01,0.00E+00,0.00E+00
6.05E-01,0.00E+00,0.00E+00
6.12E-01,0.00E+00,0.00E+00
6.16E-01,0.00E+00,0.00E+00
6.09E-01,0.00E+00,0.00E+00
6.10E-01,0.00E+00,0.00E+00
6.16E-01,0.00E+00,0.00E+00
6.16E-01,0.00E+00,0.00E+00
6.12E-01,0.00E+00,0.00E+00
6.05E-01,0.00E+00,0.00E+00
6.09E-01,0.00E+00,0.00E+00
6.13E-01,0.00E+00,0.00E+00
6.15E-01,0.00E+00,0.00E+00
6.16E-01,0.00E+00,0.00E+00
6.13E-01,0.00E+00,0.00E+00
6.05E-01,0.00E+00,0.00E+00
6.05E-01,0.00E+00,0.00E+00
6.08E-01,0.00E+00,0.00E+00
6.18E-01,0.00E+00,0.00E+00
6.16E-01,0.00E+00,0.00E+00
6.15E-01,0.00E+00,0.00E+00
6.10E-01,0.00E+00,0.00E+00
6.10E-01,0.00E+00,0.00E+00
6.20E-01,0.00E+00,0.00E+00
6.10E-01,0.00E+00,0.00E+00
6.09E-01,0.00E+00,0.00E+00
6.12E-01,0.00E+00,0.00E+00
6.09E-01,0.00E+00,0.00E+00
6.02E-01,0.00E+00,0.00E+00
6.06E-01,0.00E+00,0.00E+00
6.13E-01,0.00E+00,0.00E+00
6.12E-01,0.00E+00,0.00E+00
6.13E-01,0.00E+00,0.00E+00
6.19E-01,0.00E+00,0.00E+00
6.26E-01,0.00E+00,0.00E+00
6.22E-01,0.00E+00,0.00E+00
6.25E-01,0.00E+00,0.00E+00
6.26E-01,0.00E+00,0.00E+00
6.23E-01,0.00E+00,0.00E+00
6.20E-01,0.00E+00,0.00E+00
6.16E-01,0.00E+00,0.00E+00
6.20E-01,0.00E+00,0.00E+00
6.25E-01,0.00E+00,0.00E+00
6.25E-01,0.00E+00,0.00E+00
6.25E-01,0.00E+00,0.00E+00
6.23E-01,0.00E+00,0.00E+00
6.18E-01,0.00E+00,0.00E+00
6.25E-01,0.00E+00,0.00E+00
6.23E-01,0.00E+00,0.00E+00
6.31E-01,0.00E+00,3.00E+00
6.25E-01,0.00E+00,0.00E+00
6.20E-01,0.00E+00,0.00E+00
6.22E-01,0.00E+00,0.00E+00
6.19E-01,0.00E+00,0.00E+00
6.19E-01,0.00E+00,0.00E+00
6.22E-01,0.00E+00,0.00E+00
6.16E-01,0.00E+00,0.00E+00
6.16E-01,0.00E+00,0.00E+00
6.15E-01,0.00E+00,0.00E+00
6.16E-01,0.00E+00,0.00E+00
6.13E-01,0.00E+00,0.00E+00
6.15E-01,0.00E+00,0.00E+00
6.18E-01,0.00E+00,0.00E+00
6.19E-01,0.00E+00,0.00E+00
6.18E-01,0.00E+00,0.00E+00
6.03E-01,0.00E+00,0.00E+00
6.06E-01,0.00E+00,0.00E+00
6.19E-01,0.00E+00,0.00E+00
6.08E-01,0.00E+00,0.00E+00
6.08E-01,0.00E+00,0.00E+00
6.12E-01,0.00E+00,0.00E+00
6.12E-01,0.00E+00,0.00E+00
6.15E-01,0.00E+00,0.00E+00
6.15E-01,0.00E+00,0.00E+00
6.16E-01,0.00E+00,0.00E+00
6.12E-01,0.00E+00,0.00E+00
6.12E-01,0.00E+00,0.00E+00
6.12E-01,0.00E+00,0.00E+00
6.18E-01,0.00E+00,0.00E+00
6.12E-01,0.00E+00,0.00E+00
6.15E-01,1.36E-01,2.00E+00
6.25E-01,0.00E+00,0.00E+00
6.10E-01,0.00E+00,0.00E+00
6.18E-01,0.00E+00,0.00E+00
6.23E-01,0.00E+00,0.00E+00
6.20E-01,0.00E+00,0.00E+00
6.26E-01,0.00E+00,0.00E+00
6.22E-01,0.00E+00,0.00E+00
6.15E-01,0.00E+00,0.00E+00
6.13E-01,0.00E+00,0.00E+00
6.22E-01,0.00E+00,0.00E+00
6.26E-01,0.00E+00,0.00E+00
6.19E-01,0.00E+00,0.00E+00
6.13E-01,0.00E+00,0.00E+00
6.18E-01,0.00E+00,0.00E+00
6.15E-01,0.00E+00,0.00E+00
6.13E-01,0.00E+00,0.00E+00
6.15E-01,0.00E+00,0.00E+00
6.12E-01,0.00E+00,0.00E+00
6.12E-01,0.00E+00,0.00E+00
6.13E-01,0.00E+00,0.00E+00
6.16E-01,0.00E+00,0.00E+00
6.16E-01,0.00E+00,0.00E+00
6.12E-01,0.00E+00,0.00E+00
6.15E-01,0.00E+00,0.00E+00
6.08E-01,0.00E+00,0.00E+00
6.06E-01,0.00E+00,0.00E+00
6.15E-01,0.00E+00,0.00E+00
6.08E-01,0.00E+00,0.00E+00
5.99E-01,0.00E+00,0.00E+00
5.99E-01,0.00E+00,0.00E+00
6.03E-01,0.00E+00,0.00E+00
6.31E-01,5.45E-01,2.00E+00
6.78E-01,5.45E-01,2.00E+00
7.04E-01,1.82E-01,2.00E+00
7.17E-01,0.00E+00,3.00E+00
7.20E-01,6.36E-01,4.00E+00
7.42E-01,4.09E-01,2.00E+00
7.49E-01,3.18E-01,2.00E+00
7.56E-01,3.18E-01,2.00E+00
7.69E-01,3.18E-01,1.00E+00
7.68E-01,0.00E+00,3.00E+00
7.72E-01,9.09E-02,3.00E+00
7.40E-01,0.00E+00,3.00E+00
7.13E-01,0.00E+00,3.00E+00
6.88E-01,0.00E+00,3.00E+00
6.68E-01,0.00E+00,3.00E+00
6.64E-01,0.00E+00,3.00E+00
6.52E-01,4.09E-01,2.00E+00
6.81E-01,1.36E-01,2.00E+00
6.85E-01,9.09E-02,2.00E+00
7.17E-01,9.09E-02,3.00E+00
7.24E-01,9.09E-02,3.00E+00
7.29E-01,1.36E-01,2.00E+00
7.32E-01,9.09E-02,3.00E+00
7.43E-01,4.55E-02,3.00E+00
7.46E-01,0.00E+00,3.00E+00
7.37E-01,9.09E-02,3.00E+00
7.40E-01,5.45E-01,2.00E+00
7.69E-01,8.64E-01,4.00E+00
8.37E-01,9.55E-01,4.00E+00
8.54E-01,9.09E-01,4.00E+00
8.54E-01,3.18E-01,1.00E+00
8.37E-01,9.09E-02,3.00E+00
8.21E-01,9.09E-02,3.00E+00
8.11E-01,9.09E-02,3.00E+00
7.86E-01,2.27E-01,1.00E+00
7.84E-01,4.55E-02,3.00E+00
7.82E-01,9.09E-02,3.00E+00
7.60E-01,1.36E-01,1.00E+00
7.33E-01,0.00E+00,3.00E+00
7.06E-01,0.00E+00,3.00E+00
6.85E-01,0.00E+00,3.00E+00
6.58E-01,0.00E+00,3.00E+00
6.51E-01,1.36E-01,2.00E+00
6.64E-01,4.55E-02,3.00E+00
6.85E-01,2.27E-01,2.00E+00
7.09E-01,3.64E-01,2.00E+00
7.23E-01,9.09E-02,3.00E+00
7.32E-01,1.36E-01,3.00E+00
7.33E-01,9.09E-02,3.00E+00
7.13E-01,1.36E-01,2.00E+00
7.22E-01,1.36E-01,2.00E+00
7.49E-01,2.73E-01,2.00E+00
7.46E-01,9.09E-02,3.00E+00
7.45E-01,4.55E-02,3.00E+00
7.39E-01,4.55E-02,3.00E+00
7.37E-01,4.55E-02,3.00E+00
7.26E-01,4.55E-02,3.00E+00
7.22E-01,4.55E-02,3.00E+00
7.33E-01,2.73E-01,2.00E+00
7.33E-01,2.27E-01,2.00E+00
7.29E-01,1.36E-01,2.00E+00
6.98E-01,0.00E+00,3.00E+00
6.80E-01,0.00E+00,3.00E+00
6.65E-01,0.00E+00,3.00E+00
6.44E-01,0.00E+00,3.00E+00
6.32E-01,0.00E+00,3.00E+00
6.29E-01,0.00E+00,3.00E+00
6.23E-01,0.00E+00,0.00E+00
6.18E-01,0.00E+00,0.00E+00
6.13E-01,0.00E+00,0.00E+00
6.02E-01,0.00E+00,0.00E+00
6.05E-01,0.00E+00,0.00E+00
6.08E-01,0.00E+00,0.00E+00
6.12E-01,0.00E+00,0.00E+00
6.15E-01,0.00E+00,0.00E+00
6.05E-01,0.00E+00,0.00E+00
5.96E-01,0.00E+00,0.00E+00
5.99E-01,0.00E+00,0.00E+00
6.03E-01,0.00E+00,0.00E+00
6.05E-01,0.00E+00,0.00E+00
6.03E-01,0.00E+00,0.00E+00
6.02E-01,0.00E+00,0.00E+00
6.02E-01,0.00E+00,0.00E+00
6.03E-01,4.55E-02,2.00E+00
6.00E-01,0.00E+00,0.00E+00
6.03E-01,0.00E+00,0.00E+00
5.96E-01,0.00E+00,0.00E+00
6.00E-01,0.00E+00,0.00E+00
5.97E-01,0.00E+00,0.00E+00
6.02E-01,0.00E+00,0.00E+00
5.96E-01,0.00E+00,0.00E+00
6.05E-01,0.00E+00,0.00E+00
6.10E-01,0.00E+00,0.00E+00
6.10E-01,0.00E+00,0.00E+00
6.03E-01,9.09E-02,2.00E+00
6.08E-01,0.00E+00,0.00E+00
6.10E-01,0.00E+00,0.00E+00
6.13E-01,0.00E+00,0.00E+00
6.03E-01,0.00E+00,0.00E+00
5.99E-01,0.00E+00,0.00E+00
6.00E-01,0.00E+00,0.00E+00
5.95E-01,0.00E+00,0.00E+00
6.00E-01,9.09E-02,2.00E+00
5.99E-01,0.00E+00,0.00E+00
5.95E-01,0.00E+00,0.00E+00
5.96E-01,0.00E+00,0.00E+00
5.92E-01,0.00E+00,0.00E+00
5.89E-01,0.00E+00,0.00E+00
5.96E-01,0.00E+00,0.00E+00
5.95E-01,0.00E+00,0.00E+00
5.84E-01,0.00E+00,0.00E+00
5.87E-01,0.00E+00,0.00E+00
5.89E-01,0.00E+00,0.00E+00
5.92E-01,0.00E+00,0.00E+00
5.89E-01,0.00E+00,0.00E+00
5.90E-01,0.00E+00,0.00E+00
5.96E-01,0.00E+00,0.00E+00
5.93E-01,0.00E+00,0.00E+00
5.96E-01,0.00E+00,0.00E+00
6.00E-01,0.00E+00,0.00E+00
5.93E-01,0.00E+00,0.00E+00
5.90E-01,0.00E+00,0.00E+00
5.86E-01,0.00E+00,0.00E+00
5.95E-01,0.00E+00,0.00E+00
5.93E-01,0.00E+00,0.00E+00
5.96E-01,0.00E+00,0.00E+00
5.87E-01,0.00E+00,0.00E+00
5.87E-01,0.00E+00,0.00E+00
5.90E-01,0.00E+00,0.00E+00
5.90E-01,0.00E+00,0.00E+00
5.93E-01,0.00E+00,0.00E+00
5.90E-01,0.00E+00,0.00E+00
5.82E-01,0.00E+00,0.00E+00
5.80E-01,0.00E+00,0.00E+00
5.80E-01,0.00E+00,0.00E+00
5.86E-01,0.00E+00,0.00E+00
5.92E-01,0.00E+00,0.00E+00
5.79E-01,0.00E+00,0.00E+00
5.84E-01,0.00E+00,0.00E+00
5.92E-01,0.00E+00,0.00E+00
5.90E-01,0.00E+00,0.00E+00
5.95E-01,0.00E+00,0.00E+00
5.95E-01,9.09E-02,2.00E+00
6.06E-01,0.00E+00,0.00E+00
5.97E-01,0.00E+00,0.00E+00
5.96E-01,0.00E+00,0.00E+00
5.97E-01,0.00E+00,0.00E+00
5.96E-01,0.00E+00,0.00E+00
5.95E-01,0.00E+00,0.00E+00
5.89E-01,0.00E+00,0.00E+00
5.93E-01,0.00E+00,0.00E+00
5.87E-01,0.00E+00,0.00E+00
5.89E-01,0.00E+00,0.00E+00
5.87E-01,0.00E+00,0.00E+00
5.82E-01,0.00E+00,0.00E+00
5.83E-01,0.00E+00,0.00E+00
5.92E-01,0.00E+00,0.00E+00
5.92E-01,0.00E+00,0.00E+00
5.93E-01,0.00E+00,0.00E+00
5.97E-01,0.00E+00,0.00E+00
5.90E-01,0.00E+00,0.00E+00
5.87E-01,0.00E+00,0.00E+00
5.87E-01,0.00E+00,0.00E+00
5.87E-01,0.00E+00,0.00E+00
5.77E-01,0.00E+00,0.00E+00
5.80E-01,0.00E+00,0.00E+00
5.87E-01,0.00E+00,0.00E+00
6.06E-01,2.27E-01,2.00E+00
5.92E-01,0.00E+00,0.00E+00
5.90E-01,0.00E+00,0.00E+00
5.89E-01,0.00E+00,0.00E+00
5.83E-01,0.00E+00,0.00E+00
5.87E-01,0.00E+00,0.00E+00
5.83E-01,0.00E+00,0.00E+00
5.84E-01,0.00E+00,0.00E+00
5.71E-01,0.00E+00,0.00E+00
5.83E-01,0.00E+00,0.00E+00
5.87E-01,0.00E+00,0.00E+00
5.77E-01,0.00E+00,0.00E+00
5.82E-01,0.00E+00,0.00E+00
5.87E-01,0.00E+00,0.00E+00
5.83E-01,0.00E+00,0.00E+00
5.87E-01,0.00E+00,0.00E+00
5.93E-01,0.00E+00,0.00E+00
5.96E-01,0.00E+00,0.00E+00
5.97E-01,0.00E+00,0.00E+00
5.93E-01,0.00E+00,0.00E+00
5.99E-01,0.00E+00,0.00E+00
5.95E-01,0.00E+00,0.00E+00
5.95E-01,0.00E+00,0.00E+00
5.93E-01,0.00E+00,0.00E+00
5.89E-01,0.00E+00,0.00E+00
5.90E-01,0.00E+00,0.00E+00
5.93E-01,0.00E+00,0.00E+00
5.84E-01,0.00E+00,0.00E+00
5.87E-01,0.00E+00,0.00E+00
5.86E-01,0.00E+00,0.00E+00
5.90E-01,0.00E+00,0.00E+00
5.86E-01,0.00E+00,0.00E+00
5.97E-01,0.00E+00,0.00E+00
5.87E-01,0.00E+00,0.00E+00
5.89E-01,0.00E+00,0.00E+00
5.87E-01,0.00E+00,0.00E+00
5.90E-01,0.00E+00,0.00E+00
5.96E-01,0.00E+00,0.00E+00
6.00E-01,0.00E+00,0.00E+00
5.92E-01,0.00E+00,0.00E+00
5.99E-01,0.00E+00,0.00E+00
5.95E-01,0.00E+00,0.00E+00
5.95E-01,0.00E+00,0.00E+00
5.93E-01,0.00E+00,0.00E+00
5.84E-01,0.00E+00,0.00E+00
5.93E-01,0.00E+00,0.00E+00
5.96E-01,0.00E+00,0.00E+00
5.90E-01,0.00E+00,0.00E+00
5.96E-01,0.00E+00,0.00E+00
5.89E-01,0.00E+00,0.00E+00
5.87E-01,0.00E+00,0.00E+00
5.93E-01,0.00E+00,0.00E+00
5.89E-01,0.00E+00,0.00E+00
5.90E-01,0.00E+00,0.00E+00
5.95E-01,0.00E+00,0.00E+00
5.90E-01,0.00E+00,0.00E+00
5.96E-01,0.00E+00,0.00E+00
5.97E-01,0.00E+00,0.00E+00
5.96E-01,0.00E+00,0.00E+00
5.96E-01,0.00E+00,0.00E+00
5.96E-01,0.00E+00,0.00E+00
5.96E-01,0.00E+00,0.00E+00
5.93E-01,0.00E+00,0.00E+00
5.92E-01,0.00E+00,0.00E+00
5.93E-01,0.00E+00,0.00E+00
6.12E-01,4.55E-01,2.00E+00
6.96E-01,0.00E+00,3.00E+00
7.17E-01,9.09E-02,3.00E+00
7.33E-01,0.00E+00,3.00E+00
7.34E-01,1.82E-01,2.00E+00
7.43E-01,2.27E-01,2.00E+00
7.43E-01,0.00E+00,3.00E+00
7.36E-01,4.55E-02,3.00E+00
7.10E-01,0.00E+00,3.00E+00
6.88E-01,4.09E-01,2.00E+00
6.48E-01,0.00E+00,3.00E+00
6.09E-01,0.00E+00,0.00E+00
6.08E-01,0.00E+00,0.00E+00
6.10E-01,0.00E+00,0.00E+00
6.03E-01,0.00E+00,0.00E+00
6.00E-01,0.00E+00,0.00E+00
6.10E-01,4.55E-02,2.00E+00
6.10E-01,0.00E+00,0.00E+00
6.15E-01,9.09E-02,2.00E+00
6.12E-01,4.55E-02,2.00E+00
6.05E-01,0.00E+00,0.00E+00
6.06E-01,0.00E+00,0.00E+00
5.95E-01,0.00E+00,0.00E+00
6.00E-01,0.00E+00,0.00E+00
5.95E-01,0.00E+00,0.00E+00
5.92E-01,0.00E+00,0.00E+00
5.96E-01,1.36E-01,2.00E+00
5.93E-01,0.00E+00,0.00E+00
5.97E-01,0.00E+00,0.00E+00
6.09E-01,0.00E+00,0.00E+00
6.10E-01,0.00E+00,0.00E+00
6.15E-01,0.00E+00,0.00E+00
6.10E-01,0.00E+00,0.00E+00
6.87E-01,2.73E-01,2.00E+00
7.22E-01,4.09E-01,2.00E+00
8.10E-01,5.91E-01,4.00E+00
8.46E-01,4.09E-01,1.00E+00
8.74E-01,2.27E-01,1.00E+00
8.98E-01,4.55E-01,1.00E+00
9.35E-01,8.18E-01,4.00E+00
9.51E-01,5.45E-01,1.00E+00
9.93E-01,5.91E-01,1.00E+00
9.88E-01,5.00E-01,1.00E+00
9.90E-01,3.18E-01,1.00E+00
9.88E-01,7.27E-01,4.00E+00
9.81E-01,5.00E-01,1.00E+00
1.00E+00,7.73E-01,4.00E+00
8.34E-01,1.82E-01,1.00E+00
7.49E-01,9.09E-02,3.00E+00
7.22E-01,0.00E+00,3.00E+00
7.17E-01,8.18E-01,4.00E+00
7.07E-01,0.00E+00,3.00E+00
7.60E-01,2.27E-01,1.00E+00
7.84E-01,1.00E+00,4.00E+00
8.11E-01,5.00E-01,1.00E+00
8.05E-01,5.45E-01,4.00E+00
8.11E-01,3.64E-01,1.00E+00
8.28E-01,6.36E-01,4.00E+00
8.43E-01,5.45E-01,4.00E+00
8.35E-01,4.09E-01,1.00E+00
8.48E-01,3.18E-01,1.00E+00
8.23E-01,5.45E-01,4.00E+00
8.31E-01,5.00E-01,1.00E+00
8.35E-01,5.45E-01,4.00E+00
8.17E-01,3.64E-01,1.00E+00
7.82E-01,3.64E-01,1.00E+00
7.19E-01,4.55E-01,2.00E+00
7.46E-01,4.55E-01,2.00E+00
7.59E-01,0.00E+00,3.00E+00
7.82E-01,2.27E-01,1.00E+00
7.53E-01,0.00E+00,3.00E+00
7.45E-01,8.64E-01,4.00E+00
7.95E-01,4.09E-01,1.00E+00
8.07E-01,6.82E-01,4.00E+00
8.25E-01,3.64E-01,1.00E+00
8.27E-01,3.64E-01,1.00E+00
8.25E-01,3.64E-01,1.00E+00
8.25E-01,5.45E-01,4.00E+00
8.38E-01,7.27E-01,4.00E+00
8.33E-01,7.27E-01,4.00E+00
8.08E-01,1.36E-01,1.00E+00
8.14E-01,4.55E-02,3.00E+00
8.12E-01,1.36E-01,1.00E+00
8.21E-01,1.82E-01,1.00E+00
8.23E-01,0.00E+00,3.00E+00
8.11E-01,2.27E-01,1.00E+00
8.10E-01,9.09E-02,3.00E+00
8.14E-01,9.09E-02,3.00E+00
8.20E-01,4.55E-02,3.00E+00
8.17E-01,1.82E-01,1.00E+00
8.07E-01,3.64E-01,1.00E+00
7.55E-01,0.00E+00,3.00E+00
7.30E-01,0.00E+00,3.00E+00
7.01E-01,0.00E+00,3.00E+00
6.84E-01,0.00E+00,3.00E+00
6.70E-01,0.00E+00,3.00E+00
6.62E-01,0.00E+00,3.00E+00
6.55E-01,0.00E+00,3.00E+00
6.52E-01,0.00E+00,3.00E+00
6.48E-01,0.00E+00,3.00E+00
6.49E-01,0.00E+00,3.00E+00
6.38E-01,0.00E+00,3.00E+00
6.41E-01,0.00E+00,3.00E+00
6.38E-01,0.00E+00,3.00E+00
6.33E-01,0.00E+00,3.00E+00
6.35E-01,0.00E+00,3.00E+00
6.26E-01,0.00E+00,0.00E+00
6.26E-01,0.00E+00,0.00E+00
6.28E-01,0.00E+00,3.00E+00
6.13E-01,4.55E-02,2.00E+00
6.12E-01,0.00E+00,0.00E+00
6.19E-01,0.00E+00,0.00E+00
6.28E-01,0.00E+00,3.00E+00
6.32E-01,0.00E+00,3.00E+00
6.28E-01,0.00E+00,3.00E+00
6.29E-01,0.00E+00,3.00E+00
6.22E-01,0.00E+00,0.00E+00
6.16E-01,0.00E+00,0.00E+00
6.13E-01,0.00E+00,0.00E+00
6.10E-01,0.00E+00,0.00E+00
6.16E-01,0.00E+00,0.00E+00
6.25E-01,0.00E+00,0.00E+00
6.19E-01,0.00E+00,0.00E+00
5.99E-01,0.00E+00,0.00E+00
6.23E-01,9.09E-02,2.00E+00
6.26E-01,0.00E+00,0.00E+00
6.22E-01,0.00E+00,0.00E+00
6.20E-01,0.00E+00,0.00E+00
6.22E-01,0.00E+00,0.00E+00
6.19E-01,0.00E+00,0.00E+00
6.18E-01,0.00E+00,0.00E+00
6.16E-01,0.00E+00,0.00E+00
6.09E-01,0.00E+00,0.00E+00
6.05E-01,0.00E+00,0.00E+00
6.05E-01,0.00E+00,0.00E+00
6.10E-01,0.00E+00,0.00E+00
6.19E-01,0.00E+00,0.00E+00
6.15E-01,0.00E+00,0.00E+00
6.18E-01,0.00E+00,0.00E+00
6.19E-01,0.00E+00,0.00E+00
6.19E-01,0.00E+00,0.00E+00
6.25E-01,0.00E+00,0.00E+00
6.22E-01,0.00E+00,0.00E+00
6.22E-01,0.00E+00,0.00E+00
6.19E-01,0.00E+00,0.00E+00
6.18E-01,0.00E+00,0.00E+00
6.13E-01,0.00E+00,0.00E+00
6.20E-01,0.00E+00,0.00E+00
6.20E-01,0.00E+00,0.00E+00
6.13E-01,0.00E+00,0.00E+00
6.19E-01,0.00E+00,0.00E+00
6.23E-01,0.00E+00,0.00E+00
6.16E-01,0.00E+00,0.00E+00
6.19E-01,0.00E+00,0.00E+00
6.13E-01,0.00E+00,0.00E+00
6.12E-01,0.00E+00,0.00E+00
6.12E-01,0.00E+00,0.00E+00
6.12E-01,0.00E+00,0.00E+00
6.10E-01,0.00E+00,0.00E+00
6.13E-01,0.00E+00,0.00E+00
6.12E-01,0.00E+00,0.00E+00
6.18E-01,0.00E+00,0.00E+00
6.15E-01,0.00E+00,0.00E+00
6.16E-01,0.00E+00,0.00E+00
6.18E-01,0.00E+00,0.00E+00
6.15E-01,0.00E+00,0.00E+00
6.12E-01,0.00E+00,0.00E+00
6.13E-01,0.00E+00,0.00E+00
6.08E-01,0.00E+00,0.00E+00
6.12E-01,0.00E+00,0.00E+00
6.08E-01,0.00E+00,0.00E+00
6.12E-01,0.00E+00,0.00E+00
6.13E-01,0.00E+00,0.00E+00
6.16E-01,0.00E+00,0.00E+00
6.13E-01,0.00E+00,0.00E+00
6.13E-01,0.00E+00,0.00E+00
6.15E-01,0.00E+00,0.00E+00
6.10E-01,0.00E+00,0.00E+00
6.10E-01,0.00E+00,0.00E+00
6.02E-01,0.00E+00,0.00E+00
5.92E-01,0.00E+00,0.00E+00
6.08E-01,0.00E+00,0.00E+00
6.10E-01,4.55E-02,2.00E+00
6.13E-01,0.00E+00,0.00E+00
6.08E-01,0.00E+00,0.00E+00
6.06E-01,4.55E-02,2.00E+00
6.02E-01,0.00E+00,0.00E+00
6.02E-01,0.00E+00,0.00E+00
6.00E-01,0.00E+00,0.00E+00
6.02E-01,0.00E+00,0.00E+00
5.95E-01,0.00E+00,0.00E+00
5.93E-01,0.00E+00,0.00E+00
5.99E-01,0.00E+00,0.00E+00
6.05E-01,0.00E+00,0.00E+00
5.96E-01,4.55E-02,2.00E+00
5.96E-01,0.00E+00,0.00E+00
6.00E-01,0.00E+00,0.00E+00
6.08E-01,0.00E+00,0.00E+00
6.10E-01,0.00E+00,0.00E+00
6.06E-01,0.00E+00,0.00E+00
6.09E-01,0.00E+00,0.00E+00
6.06E-01,0.00E+00,0.00E+00
6.05E-01,4.55E-02,2.00E+00
5.96E-01,4.55E-02,2.00E+00
5.99E-01,0.00E+00,0.00E+00
6.05E-01,0.00E+00,0.00E+00
5.93E-01,4.55E-02,2.00E+00
5.97E-01,4.55E-02,2.00E+00
5.96E-01,0.00E+00,0.00E+00
5.95E-01,0.00E+00,0.00E+00
5.99E-01,0.00E+00,0.00E+00
6.05E-01,0.00E+00,0.00E+00
6.03E-01,0.00E+00,0.00E+00
6.02E-01,0.00E+00,0.00E+00
5.86E-01,0.00E+00,0.00E+00
5.84E-01,0.00E+00,0.00E+00
5.86E-01,0.00E+00,0.00E+00
5.95E-01,0.00E+00,0.00E+00
5.92E-01,4.55E-02,2.00E+00
5.95E-01,0.00E+00,0.00E+00
5.92E-01,0.00E+00,0.00E+00
6.08E-01,0.00E+00,0.00E+00
6.06E-01,0.00E+00,0.00E+00
6.03E-01,0.00E+00,0.00E+00
5.87E-01,4.55E-02,2.00E+00
6.02E-01,4.55E-02,2.00E+00
5.99E-01,4.55E-02,2.00E+00
6.10E-01,1.82E-01,2.00E+00
6.10E-01,0.00E+00,0.00E+00
6.16E-01,4.55E-02,2.00E+00
6.10E-01,0.00E+00,0.00E+00
6.10E-01,0.00E+00,0.00E+00
6.06E-01,4.55E-02,2.00E+00
6.08E-01,0.00E+00,0.00E+00
5.95E-01,0.00E+00,0.00E+00
5.95E-01,0.00E+00,0.00E+00
5.96E-01,0.00E+00,0.00E+00
5.90E-01,0.00E+00,0.00E+00
5.92E-01,4.55E-02,2.00E+00
5.96E-01,9.09E-02,2.00E+00
5.95E-01,0.00E+00,0.00E+00
5.93E-01,0.00E+00,0.00E+00
5.89E-01,0.00E+00,0.00E+00
5.93E-01,4.55E-02,2.00E+00
5.99E-01,0.00E+00,0.00E+00
5.90E-01,0.00E+00,0.00E+00
5.92E-01,0.00E+00,0.00E+00
5.86E-01,0.00E+00,0.00E+00
5.86E-01,0.00E+00,0.00E+00
5.86E-01,0.00E+00,0.00E+00
5.92E-01,0.00E+00,0.00E+00
5.96E-01,0.00E+00,0.00E+00
6.02E-01,0.00E+00,0.00E+00
6.02E-01,0.00E+00,0.00E+00
6.00E-01,0.00E+00,0.00E+00
5.95E-01,0.00E+00,0.00E+00
6.00E-01,0.00E+00,0.00E+00
6.05E-01,0.00E+00,0.00E+00
6.08E-01,0.00E+00,0.00E+00
6.00E-01,0.00E+00,0.00E+00
6.02E-01,0.00E+00,0.00E+00
6.02E-01,0.00E+00,0.00E+00
6.02E-01,0.00E+00,0.00E+00
5.99E-01,0.00E+00,0.00E+00
6.06E-01,0.00E+00,0.00E+00
6.05E-01,0.00E+00,0.00E+00
6.05E-01,0.00E+00,0.00E+00
6.05E-01,0.00E+00,0.00E+00
6.15E-01,0.00E+00,0.00E+00
6.12E-01,0.00E+00,0.00E+00
6.09E-01,0.00E+00,0.00E+00
6.12E-01,0.00E+00,0.00E+00
6.10E-01,0.00E+00,0.00E+00
6.03E-01,0.00E+00,0.00E+00
6.09E-01,0.00E+00,0.00E+00
6.10E-01,0.00E+00,0.00E+00
6.08E-01,0.00E+00,0.00E+00
6.15E-01,0.00E+00,0.00E+00
6.08E-01,0.00E+00,0.00E+00
6.12E-01,0.00E+00,0.00E+00
6.13E-01,0.00E+00,0.00E+00
6.10E-01,0.00E+00,0.00E+00
6.03E-01,0.00E+00,0.00E+00
6.06E-01,0.00E+00,0.00E+00
6.02E-01,0.00E+00,0.00E+00
6.03E-01,0.00E+00,0.00E+00
6.06E-01,0.00E+00,0.00E+00
5.99E-01,0.00E+00,0.00E+00
6.03E-01,0.00E+00,0.00E+00
6.13E-01,0.00E+00,0.00E+00
6.05E-01,0.00E+00,0.00E+00
5.97E-01,0.00E+00,0.00E+00
6.03E-01,0.00E+00,0.00E+00
6.00E-01,0.00E+00,0.00E+00
5.97E-01,0.00E+00,0.00E+00
5.99E-01,0.00E+00,0.00E+00
5.97E-01,0.00E+00,0.00E+00
5.96E-01,0.00E+00,0.00E+00
6.02E-01,0.00E+00,0.00E+00
6.05E-01,0.00E+00,0.00E+00
6.10E-01,0.00E+00,0.00E+00
6.05E-01,0.00E+00,0.00E+00
6.10E-01,0.00E+00,0.00E+00
6.06E-01,0.00E+00,0.00E+00
6.02E-01,0.00E+00,0.00E+00
6.02E-01,0.00E+00,0.00E+00
6.06E-01,0.00E+00,0.00E+00
5.99E-01,0.00E+00,0.00E+00
6.05E-01,0.00E+00,0.00E+00
6.02E-01,0.00E+00,0.00E+00
6.05E-01,9.09E-02,2.00E+00
5.99E-01,0.00E+00,0.00E+00
5.95E-01,0.00E+00,0.00E+00
6.03E-01,0.00E+00,0.00E+00
6.02E-01,0.00E+00,0.00E+00
5.96E-01,0.00E+00,0.00E+00
5.87E-01,0.00E+00,0.00E+00
5.79E-01,0.00E+00,0.00E+00
5.90E-01,0.00E+00,0.00E+00
5.82E-01,0.00E+00,0.00E+00
5.77E-01,0.00E+00,0.00E+00
5.80E-01,0.00E+00,0.00E+00
5.86E-01,0.00E+00,0.00E+00
5.86E-01,0.00E+00,0.00E+00
5.93E-01,0.00E+00,0.00E+00
5.90E-01,0.00E+00,0.00E+00
5.86E-01,0.00E+00,0.00E+00
5.97E-01,0.00E+00,0.00E+00
5.97E-01,0.00E+00,0.00E+00
5.96E-01,0.00E+00,0.00E+00
5.92E-01,0.00E+00,0.00E+00
5.87E-01,0.00E+00,0.00E+00
5.92E-01,0.00E+00,0.00E+00
5.96E-01,0.00E+00,0.00E+00
5.97E-01,0.00E+00,0.00E+00
5.89E-01,0.00E+00,0.00E+00
6.00E-01,0.00E+00,0.00E+00
5.96E-01,0.00E+00,0.00E+00
6.00E-01,0.00E+00,0.00E+00
5.90E-01,0.00E+00,0.00E+00
5.96E-01,0.00E+00,0.00E+00
5.96E-01,0.00E+00,0.00E+00
6.00E-01,0.00E+00,0.00E+00
5.95E-01,0.00E+00,0.00E+00
5.92E-01,0.00E+00,0.00E+00
5.92E-01,0.00E+00,0.00E+00
5.86E-01,0.00E+00,0.00E+00
5.93E-01,4.55E-02,2.00E+00
5.86E-01,0.00E+00,0.00E+00
5.84E-01,0.00E+00,0.00E+00
5.83E-01,4.55E-02,2.00E+00
5.83E-01,0.00E+00,0.00E+00
5.92E-01,0.00E+00,0.00E+00
5.90E-01,0.00E+00,0.00E+00
5.96E-01,0.00E+00,0.00E+00
5.97E-01,0.00E+00,0.00E+00
5.93E-01,0.00E+00,0.00E+00
5.95E-01,0.00E+00,0.00E+00
5.99E-01,0.00E+00,0.00E+00
5.99E-01,4.55E-02,2.00E+00
5.96E-01,0.00E+00,0.00E+00
5.97E-01,0.00E+00,0.00E+00
6.00E-01,0.00E+00,0.00E+00
6.00E-01,0.00E+00,0.00E+00
6.00E-01,0.00E+00,0.00E+00
5.99E-01,0.00E+00,0.00E+00
5.93E-01,0.00E+00,0.00E+00
5.95E-01,0.00E+00,0.00E+00
5.95E-01,0.00E+00,0.00E+00
5.92E-01,0.00E+00,0.00E+00
5.97E-01,0.00E+00,0.00E+00
5.87E-01,0.00E+00,0.00E+00
5.86E-01,0.00E+00,0.00E+00
6.00E-01,0.00E+00,0.00E+00
5.93E-01,0.00E+00,0.00E+00
6.00E-01,0.00E+00,0.00E+00
6.05E-01,0.00E+00,0.00E+00
5.97E-01,0.00E+00,0.00E+00
6.02E-01,0.00E+00,0.00E+00
5.99E-01,0.00E+00,0.00E+00
6.05E-01,0.00E+00,0.00E+00
6.06E-01,0.00E+00,0.00E+00
6.05E-01,0.00E+00,0.00E+00
5.97E-01,0.00E+00,0.00E+00
6.02E-01,0.00E+00,0.00E+00
5.97E-01,0.00E+00,0.00E+00
6.02E-01,0.00E+00,0.00E+00
6.13E-01,0.00E+00,0.00E+00
6.06E-01,0.00E+00,0.00E+00
6.10E-01,0.00E+00,0.00E+00
6.05E-01,0.00E+00,0.00E+00
6.03E-01,0.00E+00,0.00E+00
6.12E-01,0.00E+00,0.00E+00
6.15E-01,0.00E+00,0.00E+00
6.16E-01,0.00E+00,0.00E+00
6.12E-01,0.00E+00,0.00E+00
6.12E-01,0.00E+00,0.00E+00
6.15E-01,0.00E+00,0.00E+00
6.18E-01,0.00E+00,0.00E+00
6.09E-01,0.00E+00,0.00E+00
6.13E-01,0.00E+00,0.00E+00
6.15E-01,0.00E+00,0.00E+00
6.08E-01,0.00E+00,0.00E+00
6.10E-01,0.00E+00,0.00E+00
6.08E-01,0.00E+00,0.00E+00
6.08E-01,0.00E+00,0.00E+00
6.05E-01,0.00E+00,0.00E+00
5.99E-01,0.00E+00,0.00E+00
5.93E-01,0.00E+00,0.00E+00
6.00E-01,0.00E+00,0.00E+00
6.06E-01,0.00E+00,0.00E+00
6.06E-01,0.00E+00,0.00E+00
6.06E-01,0.00E+00,0.00E+00
6.12E-01,0.00E+00,0.00E+00
6.08E-01,0.00E+00,0.00E+00
6.03E-01,0.00E+00,0.00E+00
6.00E-01,0.00E+00,0.00E+00
6.08E-01,0.00E+00,0.00E+00
5.99E-01,0.00E+00,0.00E+00
6.00E-01,0.00E+00,0.00E+00
6.05E-01,0.00E+00,0.00E+00
6.12E-01,0.00E+00,0.00E+00
6.10E-01,0.00E+00,0.00E+00
6.12E-01,0.00E+00,0.00E+00
6.09E-01,0.00E+00,0.00E+00
6.08E-01,0.00E+00,0.00E+00
5.99E-01,4.55E-02,2.00E+00
5.96E-01,0.00E+00,0.00E+00
5.97E-01,0.00E+00,0.00E+00
6.00E-01,0.00E+00,0.00E+00
5.99E-01,0.00E+00,0.00E+00
5.93E-01,0.00E+00,0.00E+00
6.00E-01,0.00E+00,0.00E+00
6.09E-01,0.00E+00,0.00E+00
6.10E-01,0.00E+00,0.00E+00
6.05E-01,0.00E+00,0.00E+00
6.10E-01,0.00E+00,0.00E+00
6.08E-01,0.00E+00,0.00E+00
6.05E-01,0.00E+00,0.00E+00
5.96E-01,0.00E+00,0.00E+00
6.03E-01,0.00E+00,0.00E+00
5.96E-01,0.00E+00,0.00E+00
5.97E-01,0.00E+00,0.00E+00
5.99E-01,0.00E+00,0.00E+00
5.90E-01,0.00E+00,0.00E+00
5.95E-01,0.00E+00,0.00E+00
5.97E-01,0.00E+00,0.00E+00
5.99E-01,0.00E+00,0.00E+00
6.00E-01,0.00E+00,0.00E+00
5.92E-01,0.00E+00,0.00E+00
5.99E-01,0.00E+00,0.00E+00
6.03E-01,0.00E+00,0.00E+00
5.99E-01,0.00E+00,0.00E+00
6.09E-01,0.00E+00,0.00E+00
6.12E-01,0.00E+00,0.00E+00
6.10E-01,4.55E-02,2.00E+00
6.05E-01,0.00E+00,0.00E+00
6.00E-01,0.00E+00,0.00E+00
6.03E-01,0.00E+00,0.00E+00
6.00E-01,4.55E-02,2.00E+00
6.08E-01,4.55E-02,2.00E+00
6.05E-01,9.09E-02,2.00E+00
6.03E-01,0.00E+00,0.00E+00
6.06E-01,0.00E+00,0.00E+00
6.08E-01,0.00E+00,0.00E+00
6.02E-01,0.00E+00,0.00E+00
5.96E-01,0.00E+00,0.00E+00
5.99E-01,0.00E+00,0.00E+00
6.00E-01,0.00E+00,0.00E+00
6.05E-01,0.00E+00,0.00E+00
5.99E-01,0.00E+00,0.00E+00
6.00E-01,4.55E-02,2.00E+00
6.00E-01,0.00E+00,0.00E+00
6.05E-01,0.00E+00,0.00E+00
6.15E-01,0.00E+00,0.00E+00
6.05E-01,0.00E+00,0.00E+00
6.09E-01,0.00E+00,0.00E+00
6.08E-01,0.00E+00,0.00E+00
6.08E-01,0.00E+00,0.00E+00
6.10E-01,0.00E+00,0.00E+00
6.03E-01,0.00E+00,0.00E+00
6.09E-01,0.00E+00,0.00E+00
6.06E-01,0.00E+00,0.00E+00
6.00E-01,0.00E+00,0.00E+00
6.02E-01,0.00E+00,0.00E+00
6.09E-01,4.55E-02,2.00E+00
6.08E-01,0.00E+00,0.00E+00
6.15E-01,4.55E-02,2.00E+00
6.09E-01,0.00E+00,0.00E+00
6.06E-01,0.00E+00,0.00E+00
6.08E-01,0.00E+00,0.00E+00
6.09E-01,9.09E-02,2.00E+00
6.12E-01,0.00E+00,0.00E+00
6.08E-01,0.00E+00,0.00E+00
6.05E-01,4.55E-02,2.00E+00
6.02E-01,4.55E-02,2.00E+00
6.03E-01,0.00E+00,0.00E+00
6.06E-01,0.00E+00,0.00E+00
6.03E-01,0.00E+00,0.00E+00
5.97E-01,0.00E+00,0.00E+00
6.03E-01,0.00E+00,0.00E+00
6.02E-01,0.00E+00,0.00E+00
5.97E-01,0.00E+00,0.00E+00
6.05E-01,0.00E+00,0.00E+00
6.06E-01,0.00E+00,0.00E+00
6.02E-01,0.00E+00,0.00E+00
6.05E-01,4.55E-02,2.00E+00
6.10E-01,4.55E-02,2.00E+00
6.09E-01,0.00E+00,0.00E+00
6.05E-01,4.55E-02,2.00E+00
6.06E-01,0.00E+00,0.00E+00
6.08E-01,0.00E+00,0.00E+00
6.08E-01,0.00E+00,0.00E+00
6.08E-01,0.00E+00,0.00E+00
6.05E-01,0.00E+00,0.00E+00
5.92E-01,4.55E-02,2.00E+00
5.95E-01,0.00E+00,0.00E+00
5.97E-01,4.55E-02,2.00E+00
6.00E-01,9.09E-02,2.00E+00
6.03E-01,0.00E+00,0.00E+00
5.96E-01,0.00E+00,0.00E+00
5.95E-01,9.09E-02,2.00E+00
6.00E-01,4.55E-02,2.00E+00
6.00E-01,0.00E+00,0.00E+00
6.06E-01,0.00E+00,0.00E+00
6.03E-01,9.09E-02,2.00E+00
6.06E-01,0.00E+00,0.00E+00
6.03E-01,0.00E+00,0.00E+00
6.13E-01,4.55E-02,2.00E+00
6.09E-01,0.00E+00,0.00E+00
6.00E-01,0.00E+00,0.00E+00
6.02E-01,0.00E+00,0.00E+00
6.03E-01,0.00E+00,0.00E+00
6.02E-01,4.55E-02,2.00E+00
6.06E-01,0.00E+00,0.00E+00
6.00E-01,0.00E+00,0.00E+00
6.03E-01,4.55E-02,2.00E+00
6.10E-01,9.09E-02,2.00E+00
6.03E-01,0.00E+00,0.00E+00
6.08E-01,0.00E+00,0.00E+00
6.05E-01,0.00E+00,0.00E+00
6.05E-01,0.00E+00,0.00E+00
6.05E-01,0.00E+00,0.00E+00
6.05E-01,0.00E+00,0.00E+00
6.03E-01,0.00E+00,0.00E+00
6.06E-01,4.55E-02,2.00E+00
6.10E-01,0.00E+00,0.00E+00
5.97E-01,0.00E+00,0.00E+00
6.05E-01,0.00E+00,0.00E+00
6.12E-01,0.00E+00,0.00E+00
6.10E-01,4.55E-02,2.00E+00
6.12E-01,0.00E+00,0.00E+00
6.03E-01,4.55E-02,2.00E+00
6.03E-01,0.00E+00,0.00E+00
6.05E-01,0.00E+00,0.00E+00
6.13E-01,0.00E+00,0.00E+00
6.10E-01,0.00E+00,0.00E+00
6.16E-01,0.00E+00,0.00E+00
6.19E-01,0.00E+00,0.00E+00
6.10E-01,0.00E+00,0.00E+00
6.08E-01,0.00E+00,0.00E+00
6.06E-01,0.00E+00,0.00E+00
6.05E-01,0.00E+00,0.00E+00
6.10E-01,0.00E+00,0.00E+00
6.05E-01,0.00E+00,0.00E+00
6.05E-01,0.00E+00,0.00E+00
5.99E-01,0.00E+00,0.00E+00
6.10E-01,0.00E+00,0.00E+00
6.12E-01,0.00E+00,0.00E+00
6.09E-01,0.00E+00,0.00E+00
6.10E-01,0.00E+00,0.00E+00
6.05E-01,0.00E+00,0.00E+00
6.03E-01,0.00E+00,0.00E+00
6.20E-01,0.00E+00,0.00E+00
6.15E-01,0.00E+00,0.00E+00
6.13E-01,0.00E+00,0.00E+00
6.19E-01,0.00E+00,0.00E+00
6.12E-01,0.00E+00,0.00E+00
6.08E-01,0.00E+00,0.00E+00
6.19E-01,0.00E+00,0.00E+00
6.19E-01,0.00E+00,0.00E+00
6.20E-01,0.00E+00,0.00E+00
6.28E-01,0.00E+00,3.00E+00
6.25E-01,0.00E+00,0.00E+00
6.25E-01,0.00E+00,0.00E+00
6.28E-01,0.00E+00,3.00E+00
6.25E-01,0.00E+00,0.00E+00
6.23E-01,0.00E+00,0.00E+00
6.23E-01,0.00E+00,0.00E+00
6.09E-01,0.00E+00,0.00E+00
6.22E-01,0.00E+00,0.00E+00
6.19E-01,0.00E+00,0.00E+00
6.12E-01,0.00E+00,0.00E+00
6.13E-01,0.00E+00,0.00E+00
6.19E-01,0.00E+00,0.00E+00
6.19E-01,0.00E+00,0.00E+00
6.15E-01,0.00E+00,0.00E+00
6.13E-01,0.00E+00,0.00E+00
6.13E-01,0.00E+00,0.00E+00
6.20E-01,0.00E+00,0.00E+00
6.13E-01,0.00E+00,0.00E+00
6.05E-01,0.00E+00,0.00E+00
6.13E-01,0.00E+00,0.00E+00
6.18E-01,0.00E+00,0.00E+00
6.16E-01,0.00E+00,0.00E+00
6.20E-01,0.00E+00,0.00E+00
6.22E-01,0.00E+00,0.00E+00
6.19E-01,0.00E+00,0.00E+00
6.20E-01,0.00E+00,0.00E+00
6.19E-01,0.00E+00,0.00E+00
6.25E-01,0.00E+00,0.00E+00
6.20E-01,0.00E+00,0.00E+00
6.23E-01,0.00E+00,0.00E+00
6.15E-01,0.00E+00,0.00E+00
6.20E-01,0.00E+00,0.00E+00
6.22E-01,0.00E+00,0.00E+00
6.31E-01,0.00E+00,3.00E+00
6.25E-01,0.00E+00,0.00E+00
6.22E-01,0.00E+00,0.00E+00
6.29E-01,0.00E+00,3.00E+00
6.29E-01,0.00E+00,3.00E+00
6.28E-01,0.00E+00,3.00E+00
6.28E-01,0.00E+00,3.00E+00
6.31E-01,0.00E+00,3.00E+00
6.35E-01,0.00E+00,3.00E+00
6.38E-01,0.00E+00,3.00E+00
6.41E-01,0.00E+00,3.00E+00
6.41E-01,0.00E+00,3.00E+00
6.41E-01,0.00E+00,3.00E+00
6.41E-01,0.00E+00,3.00E+00
6.38E-01,0.00E+00,3.00E+00
6.31E-01,0.00E+00,3.00E+00
6.35E-01,0.00E+00,3.00E+00
6.39E-01,0.00E+00,3.00E+00
6.41E-01,0.00E+00,3.00E+00
6.45E-01,0.00E+00,3.00E+00
6.49E-01,0.00E+00,3.00E+00
6.44E-01,0.00E+00,3.00E+00
6.41E-01,0.00E+00,3.00E+00
6.39E-01,0.00E+00,3.00E+00
6.25E-01,0.00E+00,0.00E+00
6.26E-01,0.00E+00,0.00E+00
6.15E-01,0.00E+00,0.00E+00
6.19E-01,0.00E+00,0.00E+00
6.25E-01,0.00E+00,0.00E+00
6.15E-01,0.00E+00,0.00E+00
6.18E-01,0.00E+00,0.00E+00
6.09E-01,0.00E+00,0.00E+00
6.25E-01,0.00E+00,0.00E+00
6.19E-01,0.00E+00,0.00E+00
6.20E-01,0.00E+00,0.00E+00
6.23E-01,0.00E+00,0.00E+00
6.22E-01,0.00E+00,0.00E+00
6.22E-01,0.00E+00,0.00E+00
6.25E-01,0.00E+00,0.00E+00
6.26E-01,0.00E+00,0.00E+00
6.22E-01,0.00E+00,0.00E+00
6.25E-01,0.00E+00,0.00E+00
6.20E-01,0.00E+00,0.00E+00
6.13E-01,0.00E+00,0.00E+00
6.13E-01,0.00E+00,0.00E+00
6.12E-01,0.00E+00,0.00E+00
6.15E-01,0.00E+00,0.00E+00
6.15E-01,0.00E+00,0.00E+00
6.18E-01,0.00E+00,0.00E+00
6.29E-01,0.00E+00,3.00E+00
6.23E-01,0.00E+00,0.00E+00
6.22E-01,0.00E+00,0.00E+00
6.28E-01,0.00E+00,3.00E+00
6.31E-01,0.00E+00,3.00E+00
6.26E-01,0.00E+00,0.00E+00
6.20E-01,0.00E+00,0.00E+00
6.19E-01,0.00E+00,0.00E+00
6.23E-01,0.00E+00,0.00E+00
6.20E-01,0.00E+00,0.00E+00
6.25E-01,0.00E+00,0.00E+00
6.29E-01,0.00E+00,3.00E+00
6.32E-01,0.00E+00,3.00E+00
6.33E-01,0.00E+00,3.00E+00
6.32E-01,0.00E+00,3.00E+00
6.25E-01,0.00E+00,0.00E+00
6.26E-01,0.00E+00,0.00E+00
6.26E-01,0.00E+00,0.00E+00
6.28E-01,0.00E+00,3.00E+00
6.18E-01,0.00E+00,0.00E+00
6.29E-01,0.00E+00,3.00E+00
6.28E-01,0.00E+00,3.00E+00
6.31E-01,0.00E+00,3.00E+00
6.32E-01,0.00E+00,3.00E+00
6.29E-01,0.00E+00,3.00E+00
6.18E-01,0.00E+00,0.00E+00
6.19E-01,0.00E+00,0.00E+00
6.15E-01,0.00E+00,0.00E+00
6.13E-01,0.00E+00,0.00E+00
6.12E-01,0.00E+00,0.00E+00
6.10E-01,0.00E+00,0.00E+00
6.00E-01,0.00E+00,0.00E+00
6.02E-01,0.00E+00,0.00E+00
6.05E-01,0.00E+00,0.00E+00
6.00E-01,0.00E+00,0.00E+00
5.97E-01,0.00E+00,0.00E+00
5.80E-01,0.00E+00,0.00E+00
5.97E-01,0.00E+00,0.00E+00
6.00E-01,0.00E+00,0.00E+00
6.00E-01,0.00E+00,0.00E+00
6.05E-01,0.00E+00,0.00E+00
6.03E-01,0.00E+00,0.00E+00
6.02E-01,0.00E+00,0.00E+00
5.99E-01,0.00E+00,0.00E+00
5.93E-01,0.00E+00,0.00E+00
5.93E-01,0.00E+00,0.00E+00
6.02E-01,0.00E+00,0.00E+00
5.90E-01,0.00E+00,0.00E+00
5.92E-01,0.00E+00,0.00E+00
5.86E-01,0.00E+00,0.00E+00
5.79E-01,0.00E+00,0.00E+00
5.83E-01,0.00E+00,0.00E+00
5.92E-01,0.00E+00,0.00E+00
5.92E-01,0.00E+00,0.00E+00
5.89E-01,0.00E+00,0.00E+00
5.90E-01,0.00E+00,0.00E+00
5.92E-01,0.00E+00,0.00E+00
5.83E-01,0.00E+00,0.00E+00
5.86E-01,0.00E+00,0.00E+00
5.90E-01,0.00E+00,0.00E+00
5.93E-01,0.00E+00,0.00E+00
6.00E-01,0.00E+00,0.00E+00
5.95E-01,0.00E+00,0.00E+00
5.96E-01,0.00E+00,0.00E+00
5.99E-01,0.00E+00,0.00E+00
5.89E-01,0.00E+00,0.00E+00
5.93E-01,0.00E+00,0.00E+00
5.95E-01,0.00E+00,0.00E+00
5.92E-01,0.00E+00,0.00E+00
5.96E-01,0.00E+00,0.00E+00
5.96E-01,0.00E+00,0.00E+00
6.00E-01,0.00E+00,0.00E+00
6.06E-01,0.00E+00,0.00E+00
6.09E-01,0.00E+00,0.00E+00
6.15E-01,0.00E+00,0.00E+00
6.10E-01,0.00E+00,0.00E+00
6.08E-01,0.00E+00,0.00E+00
6.15E-01,9.09E-02,2.00E+00
6.19E-01,9.09E-02,2.00E+00
6.31E-01,4.55E-02,2.00E+00
6.46E-01,4.55E-02,3.00E+00
6.49E-01,4.55E-02,3.00E+00
6.51E-01,0.00E+00,3.00E+00
6.51E-01,4.55E-02,3.00E+00
6.48E-01,4.55E-02,3.00E+00
6.45E-01,9.09E-02,2.00E+00
6.48E-01,0.00E+00,3.00E+00
6.51E-01,0.00E+00,3.00E+00
